Video ID,Title,Channel,Channel ID,Subscribers,Views,Likes,Comments,Thumbnail
ua6mkxO9GxQ,MEDITACI√ìN guiada Reducir el estr√©s y Calmar la mente üôè 12 minutos @GabrielaLitschi,Gabriela Litschi,UCJ80RT5ob5mSJT8KRwqGW4g,394000,3372108,55795,2711,https://i.ytimg.com/vi/ua6mkxO9GxQ/default.jpg
3mFVCX2wmqw,MEDITACI√ìN de la GRATITUD | El poder de agradecer,Mindful Science,UCvZKEunQgNxg6iJh62YGcdQ,1420000,3401879,78340,2283,https://i.ytimg.com/vi/3mFVCX2wmqw/default.jpg
2fY88hHQj5s,Meditaci√≥n Guiada por Lama Rinchen Gyaltsen | Calma mental,Paramita,UC9uMYCMlq9sEFLHO6r0awXA,545000,936351,14089,368,https://i.ytimg.com/vi/2fY88hHQj5s/default.jpg
NuRFBCoq_0Y,"Meditaci√≥n para Dormir: Ley de la Atracci√≥n, abundancia y Prosperidad",Meditaci√≥n3,UCmuESTgut4_eKeWtCpV4Ppw,1360000,15336679,175030,4132,https://i.ytimg.com/vi/NuRFBCoq_0Y/default.jpg
RsZlNbJ2q4s,"(Audio) Meditaci√≥n ‚Äì Juan cap√≠tulo 4, Hna Mar√≠a Luisa Piraquive, 27 marzo 2020",Iglesia de Dios Ministerial de Jesucristo Internacional,UCUjJIBhmuntlbobKGgDcxAA,829000,529777,0,0,https://i.ytimg.com/vi/RsZlNbJ2q4s/default.jpg
uueyaAB5ZtE,"(Audio) Meditaci√≥n ‚Äì La deidad de nuestro Se√±or Jesucristo, Hna. Mar√≠a Luisa Piraquive 24 marzo 2020",Iglesia de Dios Ministerial de Jesucristo Internacional,UCUjJIBhmuntlbobKGgDcxAA,829000,384061,0,0,https://i.ytimg.com/vi/uueyaAB5ZtE/default.jpg
oszhW4gaI7k,Contacta con tu Gu√≠a Espiritual/Yo Superior/Voz Interior: Meditaci√≥n Guiada,Meditaci√≥n3,UCmuESTgut4_eKeWtCpV4Ppw,1360000,5297474,112207,4870,https://i.ytimg.com/vi/oszhW4gaI7k/default.jpg
U2dnwLuHE6w,üå∑ Mindfulness MEDITACI√ìN de la MA√ëANA 5 minutos: Necesaria!!!,Meditaci√≥n3,UCmuESTgut4_eKeWtCpV4Ppw,1360000,5336296,115739,2311,https://i.ytimg.com/vi/U2dnwLuHE6w/default.jpg
rFLXCWOjb_Y,Mindfulness MEDITACI√ìN de la MA√ëANA 15 minutos,Meditaci√≥n3,UCmuESTgut4_eKeWtCpV4Ppw,1360000,8572882,141243,3754,https://i.ytimg.com/vi/rFLXCWOjb_Y/default.jpg
sEZnrnE_6ls,"MEDITACI√ìN de la ma√±ana  | Comienza el d√≠a con energ√≠a, optimismo y conciencia",Mindful Science,UCvZKEunQgNxg6iJh62YGcdQ,1420000,2259098,50046,1142,https://i.ytimg.com/vi/sEZnrnE_6ls/default.jpg
DekfS5KHsvc,Meditaci√≥n Guiada üßòüèª‚Äç‚ôÄÔ∏è de la Monta√±a  ‚õ∞ Elsa Punset,Elsa Punset,UCBFxE8PWFM58J57sJXaFZJQ,260000,112459,2648,82,https://i.ytimg.com/vi/DekfS5KHsvc/default.jpg
2XuoymyjCdw,Meditaci√≥n Guiada para Dormir: Meditar en la Gratitud,Meditaci√≥n3,UCmuESTgut4_eKeWtCpV4Ppw,1360000,1059799,20437,548,https://i.ytimg.com/vi/2XuoymyjCdw/default.jpg
kwTKk6u30x4,C√≥mo meditar con mindfulness | La mejor explicaci√≥n para principiantes,Mindful Science,UCvZKEunQgNxg6iJh62YGcdQ,1420000,2462148,157120,2963,https://i.ytimg.com/vi/kwTKk6u30x4/default.jpg
BTXcdQlXRJY,La meditaci√≥n guiada PERFECTA para terminar el d√≠a | Mindful Science,Mindful Science,UCvZKEunQgNxg6iJh62YGcdQ,1420000,1546224,35987,921,https://i.ytimg.com/vi/BTXcdQlXRJY/default.jpg
FVU8a9MGnlI,Meditaci√≥n Guiada para Dormir y Descansar Profundamente,Meditaci√≥n3,UCmuESTgut4_eKeWtCpV4Ppw,1360000,882180,15132,424,https://i.ytimg.com/vi/FVU8a9MGnlI/default.jpg
yudCoXjIOiA,Estupenda Meditaci√≥n Guiada para Dormir y Descansar Profundamente,Meditaci√≥n3,UCmuESTgut4_eKeWtCpV4Ppw,1360000,1283107,16152,351,https://i.ytimg.com/vi/yudCoXjIOiA/default.jpg
zbCKbPlLzyc,"Meditaci√≥n para Dolores: Espalda, Fibromialgia, Cabeza... Relajaci√≥n y Distanciamiento",Meditaci√≥n3,UCmuESTgut4_eKeWtCpV4Ppw,1360000,1032387,23917,1094,https://i.ytimg.com/vi/zbCKbPlLzyc/default.jpg
LYoU1TSXH5M,Relajaci√≥n Meditaci√≥n Guiada Mindfulness para Dormir Profundamente,Meditaci√≥n3,UCmuESTgut4_eKeWtCpV4Ppw,1360000,526640,7261,126,https://i.ytimg.com/vi/LYoU1TSXH5M/default.jpg
eVjnAlD4wwQ,10 MINUTOS DE MEDITACI√ìN PARA LA ANSIEDAD - CALMA TU MENTE,Pau's Secrets,UCXob1p_5b9G8Qe9RVc3PdZg,44300,885561,19633,829,https://i.ytimg.com/vi/eVjnAlD4wwQ/default.jpg
IlCOXwyE_AQ,"Meditaci√≥n Guiada de Sanaci√≥n: Mindfulness Auto-Sanaci√≥n CUERPO, MENTE Y ALMA",Meditaci√≥n3,UCmuESTgut4_eKeWtCpV4Ppw,1360000,2281302,47051,1417,https://i.ytimg.com/vi/IlCOXwyE_AQ/default.jpg
D-Qoa8xUEgs,üò¥ RELAJACI√ìN GUIADA Meditaci√≥n para DORMIR... Super-efectiva!!,Meditaci√≥n3,UCmuESTgut4_eKeWtCpV4Ppw,1360000,2574194,27101,508,https://i.ytimg.com/vi/D-Qoa8xUEgs/default.jpg
fTbM-PySQ_E,"Mindfulness para la Ansiedad: üå∑ Meditaci√≥n Guiada para Nervios, Estr√©s o P√°nico",Meditaci√≥n3,UCmuESTgut4_eKeWtCpV4Ppw,1360000,2587228,51573,2261,https://i.ytimg.com/vi/fTbM-PySQ_E/default.jpg
htjHvGk8PLA,Meditaci√≥n Guiada para la Salud,Meditaci√≥n3,UCmuESTgut4_eKeWtCpV4Ppw,1360000,2179772,33752,1588,https://i.ytimg.com/vi/htjHvGk8PLA/default.jpg
DI8EJ19T90U,Meditaci√≥n Guiada: Superar Dificultades,Meditaci√≥n3,UCmuESTgut4_eKeWtCpV4Ppw,1360000,206612,6339,329,https://i.ytimg.com/vi/DI8EJ19T90U/default.jpg
0Z5S9mvCv14,Meditaci√≥n Guiada del Arco√≠ris para Ni√±os | con Visualizaci√≥n | 5 min de duraci√≥n.,Vitality Pilates & Yoga,UClqx5DLkAEW3pKO1kWehj-w,27000,108236,766,0,https://i.ytimg.com/vi/0Z5S9mvCv14/default.jpg
8gtAlXLpC7I,C√≠rculo de Protecci√≥n del Arc√°ngel Miguel - Meditaci√≥n,Maestr√≠a del Ser - Edgar y Alma,UC1eL5zn0jt0sRZwdIjanw1w,40900,551757,15666,929,https://i.ytimg.com/vi/8gtAlXLpC7I/default.jpg
6E9EcD148tQ,Meditaci√≥n Guiada - Paz | Yoga con Baruc,Yoga con Baruc,UCfYqPsgBD_xmxmcN5foRjhA,139000,6924,390,34,https://i.ytimg.com/vi/6E9EcD148tQ/default.jpg
AwbRERIzt6c,Sunday Scaries | Walking Meditation,Headspace,UC3JhfsgFPLSLNEROQCdj-GQ,740000,122088,1637,41,https://i.ytimg.com/vi/AwbRERIzt6c/default.jpg
W19PdslW7iw,15 Minute Guided Meditation To Find Peace In Uncertain Times,Boho Beautiful Yoga,UCWN2FPlvg9r-LnUyepH9IaQ,3050000,4465248,66390,2281,https://i.ytimg.com/vi/W19PdslW7iw/default.jpg
VTMLLUwE5X4,üåπ Meditaci√≥n de la Ma√±ana para Atraer Alegr√≠a y Felicidad Durante el D√≠a,Meditaci√≥n3,UCmuESTgut4_eKeWtCpV4Ppw,1360000,1196149,40844,1574,https://i.ytimg.com/vi/VTMLLUwE5X4/default.jpg
AZS2niGiNjM,üßò‚Äç‚ôÄÔ∏è MEDITACI√ìN VS MINDFULNESS üßò‚Äç‚ôÇÔ∏è DIFERENCIA ENTRE MEDITACI√ìN Y MINDFULNESS,Miguel Camarena Salud,UCkU1UYWL9eRJBNdM1-u_nFA,178000,11008,465,28,https://i.ytimg.com/vi/AZS2niGiNjM/default.jpg
H-Wrcc9N2So,Mindfulness Meditaci√≥n Guiada: Respiraci√≥n y Bodyscan 25 minutos,Meditaci√≥n3,UCmuESTgut4_eKeWtCpV4Ppw,1360000,1037162,20879,571,https://i.ytimg.com/vi/H-Wrcc9N2So/default.jpg
IGw8JuAv9MM,MeditacioÃÅn guiada para conectar con la EnergiÃÅa femenina,Gabriela Litschi,UCJ80RT5ob5mSJT8KRwqGW4g,394000,219574,5891,151,https://i.ytimg.com/vi/IGw8JuAv9MM/default.jpg
lh4JdZTJe7k,"12 Hours of Relaxing Sleep Music for Stress Relief, Sleeping & Meditation (Flying)",Soothing Relaxation,UCjzHeG1KWoonmf9d5KBvSiw,11400000,46950725,190912,12943,https://i.ytimg.com/vi/lh4JdZTJe7k/default.jpg
S1QXDE7DnYc,Meditaci√≥n Cuarto Chakra,Meditaci√≥n3,UCmuESTgut4_eKeWtCpV4Ppw,1360000,363865,9783,429,https://i.ytimg.com/vi/S1QXDE7DnYc/default.jpg
ay8B9hOt8_o,Ejercicio de Meditaci√≥n para Manejar la Ansiedad - Maytte,Maytte Sepulveda,UCjd1IqMxEJVhI0yfEVvXumQ,102000,39690,1351,77,https://i.ytimg.com/vi/ay8B9hOt8_o/default.jpg
QKgJ83L5e0Y,MeditacioÃÅn y relajacioÃÅn con Petit BamBou,Xuan Lan Yoga,UCKQgiVPqEPU0tImAjFG5lNA,2020000,192944,4736,94,https://i.ytimg.com/vi/QKgJ83L5e0Y/default.jpg
sG7DBA-mgFY,10-Minute Meditation to Reframe Stress,Headspace,UC3JhfsgFPLSLNEROQCdj-GQ,740000,1987872,21212,371,https://i.ytimg.com/vi/sG7DBA-mgFY/default.jpg
QwhgCvJqkD0,Importancia de la meditaci√≥n/ Pablo G√≥mez psiquiatra,Pablo G√≥mez Psiquiatra,UCdwxjEwpKg26GJv299bxzow,855000,44390,3243,159,https://i.ytimg.com/vi/QwhgCvJqkD0/default.jpg
K7n8rTXZuqw,Ense√±anza y Meditaci√≥n Guiada - Claudio Naranjo,Fundaci√≥n Claudio Naranjo,UCkscV51li_H7RrOl471SvmA,45800,172585,4436,180,https://i.ytimg.com/vi/K7n8rTXZuqw/default.jpg
NNOOOOYUNXM,MEDITACION GUIADA DE 10 MINUTOS | ARMONIZA TU DIA | MEDITACI√ìN DESPERTAR | SER FELIZ HOY | ‚ù§EASY ZEN,Easy Zen,UC2Z5BQhJWVgLX71_frN4oTA,1420000,1736801,36414,656,https://i.ytimg.com/vi/NNOOOOYUNXM/default.jpg
rpVeVuWRdiw,Meditaci√≥n COMO SUPERAR EL MIEDO - Maytte,Maytte Sepulveda,UCjd1IqMxEJVhI0yfEVvXumQ,102000,19910,809,50,https://i.ytimg.com/vi/rpVeVuWRdiw/default.jpg
sdDJLkjJfks,Meditaci√≥n Guiada 10 Minutos SUPER-EFECTIVA!!,Meditaci√≥n3,UCmuESTgut4_eKeWtCpV4Ppw,1360000,812211,15984,457,https://i.ytimg.com/vi/sdDJLkjJfks/default.jpg
AciErpZDLzA,Que no te gobierne el miedo | Meditaci√≥n para transformar el miedo,Ana Mar Orihuela,UCxZME8AJPhXr2puZFavq1Lw,81200,15676,608,28,https://i.ytimg.com/vi/AciErpZDLzA/default.jpg
kyTQqacjltU,"Meditaci√≥n  ""El lago en calma""",Fundaci√≥n Sophia,UCypSNR2tnGYykTs4-9X9Z-Q,81700,174812,3730,242,https://i.ytimg.com/vi/kyTQqacjltU/default.jpg
XcRYEFVV__A,meditacioÃÅn para ninÃÉos,Martha de Llano,UClF9EKCWGg54bIDbK5zxZsw,3210,366548,4113,0,https://i.ytimg.com/vi/XcRYEFVV__A/default.jpg
ClYhlvGiaG8,"Meditaci√≥n guiada  ""Encuentro con tu propia Sabidur√≠a""",Fundaci√≥n Sophia,UCypSNR2tnGYykTs4-9X9Z-Q,81700,118355,2903,114,https://i.ytimg.com/vi/ClYhlvGiaG8/default.jpg
JXtKvwPxHf8,"Meditaci√≥n del Salmo 69, 20 de Marzo del 2020, realizado por la hermana Mar√≠a Luisa Piraquive...",Mar√≠a Luisa Piraquive,UCo1s1oPdvveXEthBFfIpRzA,375000,1192924,0,0,https://i.ytimg.com/vi/JXtKvwPxHf8/default.jpg
n3tjAMHy2l4,MEDITACI√ìN GUIADA: SANA TU MENTE - SANA TU CUERPO (MUY EFECTIVA),Andr√©s Rada - Psic√≥logo,UCbmUg-z6ko192cIwteFIdmw,71400,1674032,28701,3823,https://i.ytimg.com/vi/n3tjAMHy2l4/default.jpg
5blG9lRgJy8,Suelta las preocupaciones y recupera la serenidad (meditaci√≥n corta guiada  - recupera tu paz),Simplemente Diosas,UC9FmTrJ4HD_mZWjZQmOfaOg,467000,13103,485,48,https://i.ytimg.com/vi/5blG9lRgJy8/default.jpg
ua6mkxO9GxQ,MEDITACI√ìN guiada Reducir el estr√©s y Calmar la mente üôè 12 minutos @GabrielaLitschi,Gabriela Litschi,UCJ80RT5ob5mSJT8KRwqGW4g,394000,3372108,55795,2711,https://i.ytimg.com/vi/ua6mkxO9GxQ/default.jpg
3mFVCX2wmqw,MEDITACI√ìN de la GRATITUD | El poder de agradecer,Mindful Science,UCvZKEunQgNxg6iJh62YGcdQ,1420000,3401879,78340,2283,https://i.ytimg.com/vi/3mFVCX2wmqw/default.jpg
NuRFBCoq_0Y,"Meditaci√≥n para Dormir: Ley de la Atracci√≥n, abundancia y Prosperidad",Meditaci√≥n3,UCmuESTgut4_eKeWtCpV4Ppw,1360000,15336679,175030,4132,https://i.ytimg.com/vi/NuRFBCoq_0Y/default.jpg
2fY88hHQj5s,Meditaci√≥n Guiada por Lama Rinchen Gyaltsen | Calma mental,Paramita,UC9uMYCMlq9sEFLHO6r0awXA,545000,936351,14089,368,https://i.ytimg.com/vi/2fY88hHQj5s/default.jpg
RsZlNbJ2q4s,"(Audio) Meditaci√≥n ‚Äì Juan cap√≠tulo 4, Hna Mar√≠a Luisa Piraquive, 27 marzo 2020",Iglesia de Dios Ministerial de Jesucristo Internacional,UCUjJIBhmuntlbobKGgDcxAA,829000,529777,0,0,https://i.ytimg.com/vi/RsZlNbJ2q4s/default.jpg
uueyaAB5ZtE,"(Audio) Meditaci√≥n ‚Äì La deidad de nuestro Se√±or Jesucristo, Hna. Mar√≠a Luisa Piraquive 24 marzo 2020",Iglesia de Dios Ministerial de Jesucristo Internacional,UCUjJIBhmuntlbobKGgDcxAA,829000,384061,0,0,https://i.ytimg.com/vi/uueyaAB5ZtE/default.jpg
oszhW4gaI7k,Contacta con tu Gu√≠a Espiritual/Yo Superior/Voz Interior: Meditaci√≥n Guiada,Meditaci√≥n3,UCmuESTgut4_eKeWtCpV4Ppw,1360000,5297474,112207,4870,https://i.ytimg.com/vi/oszhW4gaI7k/default.jpg
rFLXCWOjb_Y,Mindfulness MEDITACI√ìN de la MA√ëANA 15 minutos,Meditaci√≥n3,UCmuESTgut4_eKeWtCpV4Ppw,1360000,8572882,141243,3754,https://i.ytimg.com/vi/rFLXCWOjb_Y/default.jpg
U2dnwLuHE6w,üå∑ Mindfulness MEDITACI√ìN de la MA√ëANA 5 minutos: Necesaria!!!,Meditaci√≥n3,UCmuESTgut4_eKeWtCpV4Ppw,1360000,5336296,115739,2311,https://i.ytimg.com/vi/U2dnwLuHE6w/default.jpg
sEZnrnE_6ls,"MEDITACI√ìN de la ma√±ana  | Comienza el d√≠a con energ√≠a, optimismo y conciencia",Mindful Science,UCvZKEunQgNxg6iJh62YGcdQ,1420000,2259098,50046,1142,https://i.ytimg.com/vi/sEZnrnE_6ls/default.jpg
2XuoymyjCdw,Meditaci√≥n Guiada para Dormir: Meditar en la Gratitud,Meditaci√≥n3,UCmuESTgut4_eKeWtCpV4Ppw,1360000,1059799,20437,548,https://i.ytimg.com/vi/2XuoymyjCdw/default.jpg
kwTKk6u30x4,C√≥mo meditar con mindfulness | La mejor explicaci√≥n para principiantes,Mindful Science,UCvZKEunQgNxg6iJh62YGcdQ,1420000,2462148,157120,2963,https://i.ytimg.com/vi/kwTKk6u30x4/default.jpg
DekfS5KHsvc,Meditaci√≥n Guiada üßòüèª‚Äç‚ôÄÔ∏è de la Monta√±a  ‚õ∞ Elsa Punset,Elsa Punset,UCBFxE8PWFM58J57sJXaFZJQ,260000,112459,2648,82,https://i.ytimg.com/vi/DekfS5KHsvc/default.jpg
FVU8a9MGnlI,Meditaci√≥n Guiada para Dormir y Descansar Profundamente,Meditaci√≥n3,UCmuESTgut4_eKeWtCpV4Ppw,1360000,882180,15132,424,https://i.ytimg.com/vi/FVU8a9MGnlI/default.jpg
BTXcdQlXRJY,La meditaci√≥n guiada PERFECTA para terminar el d√≠a | Mindful Science,Mindful Science,UCvZKEunQgNxg6iJh62YGcdQ,1420000,1546224,35987,921,https://i.ytimg.com/vi/BTXcdQlXRJY/default.jpg
zbCKbPlLzyc,"Meditaci√≥n para Dolores: Espalda, Fibromialgia, Cabeza... Relajaci√≥n y Distanciamiento",Meditaci√≥n3,UCmuESTgut4_eKeWtCpV4Ppw,1360000,1032387,23917,1094,https://i.ytimg.com/vi/zbCKbPlLzyc/default.jpg
yudCoXjIOiA,Estupenda Meditaci√≥n Guiada para Dormir y Descansar Profundamente,Meditaci√≥n3,UCmuESTgut4_eKeWtCpV4Ppw,1360000,1283107,16152,351,https://i.ytimg.com/vi/yudCoXjIOiA/default.jpg
fTbM-PySQ_E,"Mindfulness para la Ansiedad: üå∑ Meditaci√≥n Guiada para Nervios, Estr√©s o P√°nico",Meditaci√≥n3,UCmuESTgut4_eKeWtCpV4Ppw,1360000,2587228,51573,2261,https://i.ytimg.com/vi/fTbM-PySQ_E/default.jpg
eVjnAlD4wwQ,10 MINUTOS DE MEDITACI√ìN PARA LA ANSIEDAD - CALMA TU MENTE,Pau's Secrets,UCXob1p_5b9G8Qe9RVc3PdZg,44300,885561,19633,829,https://i.ytimg.com/vi/eVjnAlD4wwQ/default.jpg
LYoU1TSXH5M,Relajaci√≥n Meditaci√≥n Guiada Mindfulness para Dormir Profundamente,Meditaci√≥n3,UCmuESTgut4_eKeWtCpV4Ppw,1360000,526640,7261,126,https://i.ytimg.com/vi/LYoU1TSXH5M/default.jpg
lh4JdZTJe7k,"12 Hours of Relaxing Sleep Music for Stress Relief, Sleeping & Meditation (Flying)",Soothing Relaxation,UCjzHeG1KWoonmf9d5KBvSiw,11400000,46950725,190912,12943,https://i.ytimg.com/vi/lh4JdZTJe7k/default.jpg
IlCOXwyE_AQ,"Meditaci√≥n Guiada de Sanaci√≥n: Mindfulness Auto-Sanaci√≥n CUERPO, MENTE Y ALMA",Meditaci√≥n3,UCmuESTgut4_eKeWtCpV4Ppw,1360000,2281302,47051,1417,https://i.ytimg.com/vi/IlCOXwyE_AQ/default.jpg
htjHvGk8PLA,Meditaci√≥n Guiada para la Salud,Meditaci√≥n3,UCmuESTgut4_eKeWtCpV4Ppw,1360000,2179772,33752,1588,https://i.ytimg.com/vi/htjHvGk8PLA/default.jpg
VTMLLUwE5X4,üåπ Meditaci√≥n de la Ma√±ana para Atraer Alegr√≠a y Felicidad Durante el D√≠a,Meditaci√≥n3,UCmuESTgut4_eKeWtCpV4Ppw,1360000,1196149,40844,1574,https://i.ytimg.com/vi/VTMLLUwE5X4/default.jpg
8gtAlXLpC7I,C√≠rculo de Protecci√≥n del Arc√°ngel Miguel - Meditaci√≥n,Maestr√≠a del Ser - Edgar y Alma,UC1eL5zn0jt0sRZwdIjanw1w,40900,551757,15666,929,https://i.ytimg.com/vi/8gtAlXLpC7I/default.jpg
ClYhlvGiaG8,"Meditaci√≥n guiada  ""Encuentro con tu propia Sabidur√≠a""",Fundaci√≥n Sophia,UCypSNR2tnGYykTs4-9X9Z-Q,81700,118355,2903,114,https://i.ytimg.com/vi/ClYhlvGiaG8/default.jpg
DI8EJ19T90U,Meditaci√≥n Guiada: Superar Dificultades,Meditaci√≥n3,UCmuESTgut4_eKeWtCpV4Ppw,1360000,206612,6339,329,https://i.ytimg.com/vi/DI8EJ19T90U/default.jpg
6E9EcD148tQ,Meditaci√≥n Guiada - Paz | Yoga con Baruc,Yoga con Baruc,UCfYqPsgBD_xmxmcN5foRjhA,139000,6924,390,34,https://i.ytimg.com/vi/6E9EcD148tQ/default.jpg
D-Qoa8xUEgs,üò¥ RELAJACI√ìN GUIADA Meditaci√≥n para DORMIR... Super-efectiva!!,Meditaci√≥n3,UCmuESTgut4_eKeWtCpV4Ppw,1360000,2574194,27101,508,https://i.ytimg.com/vi/D-Qoa8xUEgs/default.jpg
AZS2niGiNjM,üßò‚Äç‚ôÄÔ∏è MEDITACI√ìN VS MINDFULNESS üßò‚Äç‚ôÇÔ∏è DIFERENCIA ENTRE MEDITACI√ìN Y MINDFULNESS,Miguel Camarena Salud,UCkU1UYWL9eRJBNdM1-u_nFA,178000,11008,465,28,https://i.ytimg.com/vi/AZS2niGiNjM/default.jpg
AwbRERIzt6c,Sunday Scaries | Walking Meditation,Headspace,UC3JhfsgFPLSLNEROQCdj-GQ,740000,122088,1637,41,https://i.ytimg.com/vi/AwbRERIzt6c/default.jpg
H-Wrcc9N2So,Mindfulness Meditaci√≥n Guiada: Respiraci√≥n y Bodyscan 25 minutos,Meditaci√≥n3,UCmuESTgut4_eKeWtCpV4Ppw,1360000,1037162,20879,571,https://i.ytimg.com/vi/H-Wrcc9N2So/default.jpg
IGw8JuAv9MM,MeditacioÃÅn guiada para conectar con la EnergiÃÅa femenina,Gabriela Litschi,UCJ80RT5ob5mSJT8KRwqGW4g,394000,219574,5891,151,https://i.ytimg.com/vi/IGw8JuAv9MM/default.jpg
S1QXDE7DnYc,Meditaci√≥n Cuarto Chakra,Meditaci√≥n3,UCmuESTgut4_eKeWtCpV4Ppw,1360000,363865,9783,429,https://i.ytimg.com/vi/S1QXDE7DnYc/default.jpg
bQ-_RElqzck,El desapego del conflicto | Meditaci√≥n | Arturveda,Arturveda meditaci√≥n,UC7YohTzpOPHZ5stzu7Xd43A,31700,10433,797,101,https://i.ytimg.com/vi/bQ-_RElqzck/default.jpg
QwhgCvJqkD0,Importancia de la meditaci√≥n/ Pablo G√≥mez psiquiatra,Pablo G√≥mez Psiquiatra,UCdwxjEwpKg26GJv299bxzow,855000,44390,3243,159,https://i.ytimg.com/vi/QwhgCvJqkD0/default.jpg
XcRYEFVV__A,meditacioÃÅn para ninÃÉos,Martha de Llano,UClF9EKCWGg54bIDbK5zxZsw,3210,366548,4113,0,https://i.ytimg.com/vi/XcRYEFVV__A/default.jpg
sG7DBA-mgFY,10-Minute Meditation to Reframe Stress,Headspace,UC3JhfsgFPLSLNEROQCdj-GQ,740000,1987872,21212,371,https://i.ytimg.com/vi/sG7DBA-mgFY/default.jpg
QKgJ83L5e0Y,MeditacioÃÅn y relajacioÃÅn con Petit BamBou,Xuan Lan Yoga,UCKQgiVPqEPU0tImAjFG5lNA,2020000,192944,4736,94,https://i.ytimg.com/vi/QKgJ83L5e0Y/default.jpg
V68MV5W1wxE,Ana Becoaj - Meditaci√≥n Kabalista 5780,Ahavah Ben Shabat,UCxIXrqn8umEyLW7vPVhmpRA,76900,84385,0,0,https://i.ytimg.com/vi/V68MV5W1wxE/default.jpg
sdDJLkjJfks,Meditaci√≥n Guiada 10 Minutos SUPER-EFECTIVA!!,Meditaci√≥n3,UCmuESTgut4_eKeWtCpV4Ppw,1360000,812211,15984,457,https://i.ytimg.com/vi/sdDJLkjJfks/default.jpg
ay8B9hOt8_o,Ejercicio de Meditaci√≥n para Manejar la Ansiedad - Maytte,Maytte Sepulveda,UCjd1IqMxEJVhI0yfEVvXumQ,102000,39690,1351,77,https://i.ytimg.com/vi/ay8B9hOt8_o/default.jpg
NNOOOOYUNXM,MEDITACION GUIADA DE 10 MINUTOS | ARMONIZA TU DIA | MEDITACI√ìN DESPERTAR | SER FELIZ HOY | ‚ù§EASY ZEN,Easy Zen,UC2Z5BQhJWVgLX71_frN4oTA,1420000,1736801,36414,656,https://i.ytimg.com/vi/NNOOOOYUNXM/default.jpg
JXtKvwPxHf8,"Meditaci√≥n del Salmo 69, 20 de Marzo del 2020, realizado por la hermana Mar√≠a Luisa Piraquive...",Mar√≠a Luisa Piraquive,UCo1s1oPdvveXEthBFfIpRzA,375000,1192924,0,0,https://i.ytimg.com/vi/JXtKvwPxHf8/default.jpg
kyTQqacjltU,"Meditaci√≥n  ""El lago en calma""",Fundaci√≥n Sophia,UCypSNR2tnGYykTs4-9X9Z-Q,81700,174812,3730,242,https://i.ytimg.com/vi/kyTQqacjltU/default.jpg
K7n8rTXZuqw,Ense√±anza y Meditaci√≥n Guiada - Claudio Naranjo,Fundaci√≥n Claudio Naranjo,UCkscV51li_H7RrOl471SvmA,45800,172585,4436,180,https://i.ytimg.com/vi/K7n8rTXZuqw/default.jpg
ptUqd3XgA0g,MINDFULNESS. MEDITACIOÃÅN DE LA FELICIDAD,Fundaci√≥n Sophia,UCypSNR2tnGYykTs4-9X9Z-Q,81700,317760,6831,188,https://i.ytimg.com/vi/ptUqd3XgA0g/default.jpg
5blG9lRgJy8,Suelta las preocupaciones y recupera la serenidad (meditaci√≥n corta guiada  - recupera tu paz),Simplemente Diosas,UC9FmTrJ4HD_mZWjZQmOfaOg,467000,13103,485,48,https://i.ytimg.com/vi/5blG9lRgJy8/default.jpg
n3tjAMHy2l4,MEDITACI√ìN GUIADA: SANA TU MENTE - SANA TU CUERPO (MUY EFECTIVA),Andr√©s Rada - Psic√≥logo,UCbmUg-z6ko192cIwteFIdmw,71400,1674032,28701,3823,https://i.ytimg.com/vi/n3tjAMHy2l4/default.jpg
AciErpZDLzA,Que no te gobierne el miedo | Meditaci√≥n para transformar el miedo,Ana Mar Orihuela,UCxZME8AJPhXr2puZFavq1Lw,81200,15676,608,28,https://i.ytimg.com/vi/AciErpZDLzA/default.jpg
ua6mkxO9GxQ,MEDITACI√ìN guiada Reducir el estr√©s y Calmar la mente üôè 12 minutos @GabrielaLitschi,Gabriela Litschi,UCJ80RT5ob5mSJT8KRwqGW4g,394000,3372108,55795,2711,https://i.ytimg.com/vi/ua6mkxO9GxQ/default.jpg
3mFVCX2wmqw,MEDITACI√ìN de la GRATITUD | El poder de agradecer,Mindful Science,UCvZKEunQgNxg6iJh62YGcdQ,1420000,3401879,78340,2283,https://i.ytimg.com/vi/3mFVCX2wmqw/default.jpg
NuRFBCoq_0Y,"Meditaci√≥n para Dormir: Ley de la Atracci√≥n, abundancia y Prosperidad",Meditaci√≥n3,UCmuESTgut4_eKeWtCpV4Ppw,1360000,15336679,175030,4132,https://i.ytimg.com/vi/NuRFBCoq_0Y/default.jpg
2fY88hHQj5s,Meditaci√≥n Guiada por Lama Rinchen Gyaltsen | Calma mental,Paramita,UC9uMYCMlq9sEFLHO6r0awXA,545000,936351,14089,368,https://i.ytimg.com/vi/2fY88hHQj5s/default.jpg
RsZlNbJ2q4s,"(Audio) Meditaci√≥n ‚Äì Juan cap√≠tulo 4, Hna Mar√≠a Luisa Piraquive, 27 marzo 2020",Iglesia de Dios Ministerial de Jesucristo Internacional,UCUjJIBhmuntlbobKGgDcxAA,829000,529777,0,0,https://i.ytimg.com/vi/RsZlNbJ2q4s/default.jpg
uueyaAB5ZtE,"(Audio) Meditaci√≥n ‚Äì La deidad de nuestro Se√±or Jesucristo, Hna. Mar√≠a Luisa Piraquive 24 marzo 2020",Iglesia de Dios Ministerial de Jesucristo Internacional,UCUjJIBhmuntlbobKGgDcxAA,829000,384061,0,0,https://i.ytimg.com/vi/uueyaAB5ZtE/default.jpg
oszhW4gaI7k,Contacta con tu Gu√≠a Espiritual/Yo Superior/Voz Interior: Meditaci√≥n Guiada,Meditaci√≥n3,UCmuESTgut4_eKeWtCpV4Ppw,1360000,5297474,112207,4870,https://i.ytimg.com/vi/oszhW4gaI7k/default.jpg
rFLXCWOjb_Y,Mindfulness MEDITACI√ìN de la MA√ëANA 15 minutos,Meditaci√≥n3,UCmuESTgut4_eKeWtCpV4Ppw,1360000,8572882,141243,3754,https://i.ytimg.com/vi/rFLXCWOjb_Y/default.jpg
U2dnwLuHE6w,üå∑ Mindfulness MEDITACI√ìN de la MA√ëANA 5 minutos: Necesaria!!!,Meditaci√≥n3,UCmuESTgut4_eKeWtCpV4Ppw,1360000,5336296,115739,2311,https://i.ytimg.com/vi/U2dnwLuHE6w/default.jpg
sEZnrnE_6ls,"MEDITACI√ìN de la ma√±ana  | Comienza el d√≠a con energ√≠a, optimismo y conciencia",Mindful Science,UCvZKEunQgNxg6iJh62YGcdQ,1420000,2259098,50046,1142,https://i.ytimg.com/vi/sEZnrnE_6ls/default.jpg
2XuoymyjCdw,Meditaci√≥n Guiada para Dormir: Meditar en la Gratitud,Meditaci√≥n3,UCmuESTgut4_eKeWtCpV4Ppw,1360000,1059799,20437,548,https://i.ytimg.com/vi/2XuoymyjCdw/default.jpg
kwTKk6u30x4,C√≥mo meditar con mindfulness | La mejor explicaci√≥n para principiantes,Mindful Science,UCvZKEunQgNxg6iJh62YGcdQ,1420000,2462148,157120,2963,https://i.ytimg.com/vi/kwTKk6u30x4/default.jpg
DekfS5KHsvc,Meditaci√≥n Guiada üßòüèª‚Äç‚ôÄÔ∏è de la Monta√±a  ‚õ∞ Elsa Punset,Elsa Punset,UCBFxE8PWFM58J57sJXaFZJQ,260000,112459,2648,82,https://i.ytimg.com/vi/DekfS5KHsvc/default.jpg
FVU8a9MGnlI,Meditaci√≥n Guiada para Dormir y Descansar Profundamente,Meditaci√≥n3,UCmuESTgut4_eKeWtCpV4Ppw,1360000,882180,15132,424,https://i.ytimg.com/vi/FVU8a9MGnlI/default.jpg
BTXcdQlXRJY,La meditaci√≥n guiada PERFECTA para terminar el d√≠a | Mindful Science,Mindful Science,UCvZKEunQgNxg6iJh62YGcdQ,1420000,1546224,35987,921,https://i.ytimg.com/vi/BTXcdQlXRJY/default.jpg
zbCKbPlLzyc,"Meditaci√≥n para Dolores: Espalda, Fibromialgia, Cabeza... Relajaci√≥n y Distanciamiento",Meditaci√≥n3,UCmuESTgut4_eKeWtCpV4Ppw,1360000,1032387,23917,1094,https://i.ytimg.com/vi/zbCKbPlLzyc/default.jpg
yudCoXjIOiA,Estupenda Meditaci√≥n Guiada para Dormir y Descansar Profundamente,Meditaci√≥n3,UCmuESTgut4_eKeWtCpV4Ppw,1360000,1283107,16152,351,https://i.ytimg.com/vi/yudCoXjIOiA/default.jpg
fTbM-PySQ_E,"Mindfulness para la Ansiedad: üå∑ Meditaci√≥n Guiada para Nervios, Estr√©s o P√°nico",Meditaci√≥n3,UCmuESTgut4_eKeWtCpV4Ppw,1360000,2587228,51573,2261,https://i.ytimg.com/vi/fTbM-PySQ_E/default.jpg
eVjnAlD4wwQ,10 MINUTOS DE MEDITACI√ìN PARA LA ANSIEDAD - CALMA TU MENTE,Pau's Secrets,UCXob1p_5b9G8Qe9RVc3PdZg,44300,885561,19633,829,https://i.ytimg.com/vi/eVjnAlD4wwQ/default.jpg
LYoU1TSXH5M,Relajaci√≥n Meditaci√≥n Guiada Mindfulness para Dormir Profundamente,Meditaci√≥n3,UCmuESTgut4_eKeWtCpV4Ppw,1360000,526640,7261,126,https://i.ytimg.com/vi/LYoU1TSXH5M/default.jpg
lh4JdZTJe7k,"12 Hours of Relaxing Sleep Music for Stress Relief, Sleeping & Meditation (Flying)",Soothing Relaxation,UCjzHeG1KWoonmf9d5KBvSiw,11400000,46950725,190912,12943,https://i.ytimg.com/vi/lh4JdZTJe7k/default.jpg
IlCOXwyE_AQ,"Meditaci√≥n Guiada de Sanaci√≥n: Mindfulness Auto-Sanaci√≥n CUERPO, MENTE Y ALMA",Meditaci√≥n3,UCmuESTgut4_eKeWtCpV4Ppw,1360000,2281302,47051,1417,https://i.ytimg.com/vi/IlCOXwyE_AQ/default.jpg
htjHvGk8PLA,Meditaci√≥n Guiada para la Salud,Meditaci√≥n3,UCmuESTgut4_eKeWtCpV4Ppw,1360000,2179772,33752,1588,https://i.ytimg.com/vi/htjHvGk8PLA/default.jpg
VTMLLUwE5X4,üåπ Meditaci√≥n de la Ma√±ana para Atraer Alegr√≠a y Felicidad Durante el D√≠a,Meditaci√≥n3,UCmuESTgut4_eKeWtCpV4Ppw,1360000,1196149,40844,1574,https://i.ytimg.com/vi/VTMLLUwE5X4/default.jpg
8gtAlXLpC7I,C√≠rculo de Protecci√≥n del Arc√°ngel Miguel - Meditaci√≥n,Maestr√≠a del Ser - Edgar y Alma,UC1eL5zn0jt0sRZwdIjanw1w,40900,551757,15666,929,https://i.ytimg.com/vi/8gtAlXLpC7I/default.jpg
ClYhlvGiaG8,"Meditaci√≥n guiada  ""Encuentro con tu propia Sabidur√≠a""",Fundaci√≥n Sophia,UCypSNR2tnGYykTs4-9X9Z-Q,81700,118355,2903,114,https://i.ytimg.com/vi/ClYhlvGiaG8/default.jpg
DI8EJ19T90U,Meditaci√≥n Guiada: Superar Dificultades,Meditaci√≥n3,UCmuESTgut4_eKeWtCpV4Ppw,1360000,206612,6339,329,https://i.ytimg.com/vi/DI8EJ19T90U/default.jpg
6E9EcD148tQ,Meditaci√≥n Guiada - Paz | Yoga con Baruc,Yoga con Baruc,UCfYqPsgBD_xmxmcN5foRjhA,139000,6924,390,34,https://i.ytimg.com/vi/6E9EcD148tQ/default.jpg
D-Qoa8xUEgs,üò¥ RELAJACI√ìN GUIADA Meditaci√≥n para DORMIR... Super-efectiva!!,Meditaci√≥n3,UCmuESTgut4_eKeWtCpV4Ppw,1360000,2574194,27101,508,https://i.ytimg.com/vi/D-Qoa8xUEgs/default.jpg
AZS2niGiNjM,üßò‚Äç‚ôÄÔ∏è MEDITACI√ìN VS MINDFULNESS üßò‚Äç‚ôÇÔ∏è DIFERENCIA ENTRE MEDITACI√ìN Y MINDFULNESS,Miguel Camarena Salud,UCkU1UYWL9eRJBNdM1-u_nFA,178000,11008,465,28,https://i.ytimg.com/vi/AZS2niGiNjM/default.jpg
AwbRERIzt6c,Sunday Scaries | Walking Meditation,Headspace,UC3JhfsgFPLSLNEROQCdj-GQ,740000,122088,1637,41,https://i.ytimg.com/vi/AwbRERIzt6c/default.jpg
H-Wrcc9N2So,Mindfulness Meditaci√≥n Guiada: Respiraci√≥n y Bodyscan 25 minutos,Meditaci√≥n3,UCmuESTgut4_eKeWtCpV4Ppw,1360000,1037162,20879,571,https://i.ytimg.com/vi/H-Wrcc9N2So/default.jpg
IGw8JuAv9MM,MeditacioÃÅn guiada para conectar con la EnergiÃÅa femenina,Gabriela Litschi,UCJ80RT5ob5mSJT8KRwqGW4g,394000,219574,5891,151,https://i.ytimg.com/vi/IGw8JuAv9MM/default.jpg
S1QXDE7DnYc,Meditaci√≥n Cuarto Chakra,Meditaci√≥n3,UCmuESTgut4_eKeWtCpV4Ppw,1360000,363865,9783,429,https://i.ytimg.com/vi/S1QXDE7DnYc/default.jpg
bQ-_RElqzck,El desapego del conflicto | Meditaci√≥n | Arturveda,Arturveda meditaci√≥n,UC7YohTzpOPHZ5stzu7Xd43A,31700,10433,797,101,https://i.ytimg.com/vi/bQ-_RElqzck/default.jpg
QwhgCvJqkD0,Importancia de la meditaci√≥n/ Pablo G√≥mez psiquiatra,Pablo G√≥mez Psiquiatra,UCdwxjEwpKg26GJv299bxzow,855000,44390,3243,159,https://i.ytimg.com/vi/QwhgCvJqkD0/default.jpg
XcRYEFVV__A,meditacioÃÅn para ninÃÉos,Martha de Llano,UClF9EKCWGg54bIDbK5zxZsw,3210,366548,4113,0,https://i.ytimg.com/vi/XcRYEFVV__A/default.jpg
sG7DBA-mgFY,10-Minute Meditation to Reframe Stress,Headspace,UC3JhfsgFPLSLNEROQCdj-GQ,740000,1987872,21212,371,https://i.ytimg.com/vi/sG7DBA-mgFY/default.jpg
QKgJ83L5e0Y,MeditacioÃÅn y relajacioÃÅn con Petit BamBou,Xuan Lan Yoga,UCKQgiVPqEPU0tImAjFG5lNA,2020000,192944,4736,94,https://i.ytimg.com/vi/QKgJ83L5e0Y/default.jpg
V68MV5W1wxE,Ana Becoaj - Meditaci√≥n Kabalista 5780,Ahavah Ben Shabat,UCxIXrqn8umEyLW7vPVhmpRA,76900,84385,0,0,https://i.ytimg.com/vi/V68MV5W1wxE/default.jpg
sdDJLkjJfks,Meditaci√≥n Guiada 10 Minutos SUPER-EFECTIVA!!,Meditaci√≥n3,UCmuESTgut4_eKeWtCpV4Ppw,1360000,812211,15984,457,https://i.ytimg.com/vi/sdDJLkjJfks/default.jpg
ay8B9hOt8_o,Ejercicio de Meditaci√≥n para Manejar la Ansiedad - Maytte,Maytte Sepulveda,UCjd1IqMxEJVhI0yfEVvXumQ,102000,39691,1351,77,https://i.ytimg.com/vi/ay8B9hOt8_o/default.jpg
NNOOOOYUNXM,MEDITACION GUIADA DE 10 MINUTOS | ARMONIZA TU DIA | MEDITACI√ìN DESPERTAR | SER FELIZ HOY | ‚ù§EASY ZEN,Easy Zen,UC2Z5BQhJWVgLX71_frN4oTA,1420000,1736801,36414,656,https://i.ytimg.com/vi/NNOOOOYUNXM/default.jpg
JXtKvwPxHf8,"Meditaci√≥n del Salmo 69, 20 de Marzo del 2020, realizado por la hermana Mar√≠a Luisa Piraquive...",Mar√≠a Luisa Piraquive,UCo1s1oPdvveXEthBFfIpRzA,375000,1192924,0,0,https://i.ytimg.com/vi/JXtKvwPxHf8/default.jpg
kyTQqacjltU,"Meditaci√≥n  ""El lago en calma""",Fundaci√≥n Sophia,UCypSNR2tnGYykTs4-9X9Z-Q,81700,174812,3730,242,https://i.ytimg.com/vi/kyTQqacjltU/default.jpg
K7n8rTXZuqw,Ense√±anza y Meditaci√≥n Guiada - Claudio Naranjo,Fundaci√≥n Claudio Naranjo,UCkscV51li_H7RrOl471SvmA,45800,172585,4436,180,https://i.ytimg.com/vi/K7n8rTXZuqw/default.jpg
ptUqd3XgA0g,MINDFULNESS. MEDITACIOÃÅN DE LA FELICIDAD,Fundaci√≥n Sophia,UCypSNR2tnGYykTs4-9X9Z-Q,81700,317760,6831,188,https://i.ytimg.com/vi/ptUqd3XgA0g/default.jpg
5blG9lRgJy8,Suelta las preocupaciones y recupera la serenidad (meditaci√≥n corta guiada  - recupera tu paz),Simplemente Diosas,UC9FmTrJ4HD_mZWjZQmOfaOg,467000,13103,485,48,https://i.ytimg.com/vi/5blG9lRgJy8/default.jpg
n3tjAMHy2l4,MEDITACI√ìN GUIADA: SANA TU MENTE - SANA TU CUERPO (MUY EFECTIVA),Andr√©s Rada - Psic√≥logo,UCbmUg-z6ko192cIwteFIdmw,71400,1674032,28701,3823,https://i.ytimg.com/vi/n3tjAMHy2l4/default.jpg
AciErpZDLzA,Que no te gobierne el miedo | Meditaci√≥n para transformar el miedo,Ana Mar Orihuela,UCxZME8AJPhXr2puZFavq1Lw,81200,15678,608,28,https://i.ytimg.com/vi/AciErpZDLzA/default.jpg
ua6mkxO9GxQ,MEDITACI√ìN guiada Reducir el estr√©s y Calmar la mente üôè 12 minutos @GabrielaLitschi,Gabriela Litschi,UCJ80RT5ob5mSJT8KRwqGW4g,394000,3372108,55795,2711,https://i.ytimg.com/vi/ua6mkxO9GxQ/default.jpg
3mFVCX2wmqw,MEDITACI√ìN de la GRATITUD | El poder de agradecer,Mindful Science,UCvZKEunQgNxg6iJh62YGcdQ,1420000,3401879,78340,2283,https://i.ytimg.com/vi/3mFVCX2wmqw/default.jpg
NuRFBCoq_0Y,"Meditaci√≥n para Dormir: Ley de la Atracci√≥n, abundancia y Prosperidad",Meditaci√≥n3,UCmuESTgut4_eKeWtCpV4Ppw,1360000,15336679,175030,4132,https://i.ytimg.com/vi/NuRFBCoq_0Y/default.jpg
2fY88hHQj5s,Meditaci√≥n Guiada por Lama Rinchen Gyaltsen | Calma mental,Paramita,UC9uMYCMlq9sEFLHO6r0awXA,545000,936351,14089,368,https://i.ytimg.com/vi/2fY88hHQj5s/default.jpg
RsZlNbJ2q4s,"(Audio) Meditaci√≥n ‚Äì Juan cap√≠tulo 4, Hna Mar√≠a Luisa Piraquive, 27 marzo 2020",Iglesia de Dios Ministerial de Jesucristo Internacional,UCUjJIBhmuntlbobKGgDcxAA,829000,529777,0,0,https://i.ytimg.com/vi/RsZlNbJ2q4s/default.jpg
uueyaAB5ZtE,"(Audio) Meditaci√≥n ‚Äì La deidad de nuestro Se√±or Jesucristo, Hna. Mar√≠a Luisa Piraquive 24 marzo 2020",Iglesia de Dios Ministerial de Jesucristo Internacional,UCUjJIBhmuntlbobKGgDcxAA,829000,384061,0,0,https://i.ytimg.com/vi/uueyaAB5ZtE/default.jpg
oszhW4gaI7k,Contacta con tu Gu√≠a Espiritual/Yo Superior/Voz Interior: Meditaci√≥n Guiada,Meditaci√≥n3,UCmuESTgut4_eKeWtCpV4Ppw,1360000,5297474,112207,4870,https://i.ytimg.com/vi/oszhW4gaI7k/default.jpg
rFLXCWOjb_Y,Mindfulness MEDITACI√ìN de la MA√ëANA 15 minutos,Meditaci√≥n3,UCmuESTgut4_eKeWtCpV4Ppw,1360000,8572882,141243,3754,https://i.ytimg.com/vi/rFLXCWOjb_Y/default.jpg
U2dnwLuHE6w,üå∑ Mindfulness MEDITACI√ìN de la MA√ëANA 5 minutos: Necesaria!!!,Meditaci√≥n3,UCmuESTgut4_eKeWtCpV4Ppw,1360000,5336296,115739,2311,https://i.ytimg.com/vi/U2dnwLuHE6w/default.jpg
sEZnrnE_6ls,"MEDITACI√ìN de la ma√±ana  | Comienza el d√≠a con energ√≠a, optimismo y conciencia",Mindful Science,UCvZKEunQgNxg6iJh62YGcdQ,1420000,2259098,50046,1142,https://i.ytimg.com/vi/sEZnrnE_6ls/default.jpg
2XuoymyjCdw,Meditaci√≥n Guiada para Dormir: Meditar en la Gratitud,Meditaci√≥n3,UCmuESTgut4_eKeWtCpV4Ppw,1360000,1059799,20437,548,https://i.ytimg.com/vi/2XuoymyjCdw/default.jpg
BTXcdQlXRJY,La meditaci√≥n guiada PERFECTA para terminar el d√≠a | Mindful Science,Mindful Science,UCvZKEunQgNxg6iJh62YGcdQ,1420000,1546224,35987,921,https://i.ytimg.com/vi/BTXcdQlXRJY/default.jpg
DekfS5KHsvc,Meditaci√≥n Guiada üßòüèª‚Äç‚ôÄÔ∏è de la Monta√±a  ‚õ∞ Elsa Punset,Elsa Punset,UCBFxE8PWFM58J57sJXaFZJQ,260000,112459,2648,82,https://i.ytimg.com/vi/DekfS5KHsvc/default.jpg
FVU8a9MGnlI,Meditaci√≥n Guiada para Dormir y Descansar Profundamente,Meditaci√≥n3,UCmuESTgut4_eKeWtCpV4Ppw,1360000,882180,15132,424,https://i.ytimg.com/vi/FVU8a9MGnlI/default.jpg
kwTKk6u30x4,C√≥mo meditar con mindfulness | La mejor explicaci√≥n para principiantes,Mindful Science,UCvZKEunQgNxg6iJh62YGcdQ,1420000,2462148,157120,2963,https://i.ytimg.com/vi/kwTKk6u30x4/default.jpg
zbCKbPlLzyc,"Meditaci√≥n para Dolores: Espalda, Fibromialgia, Cabeza... Relajaci√≥n y Distanciamiento",Meditaci√≥n3,UCmuESTgut4_eKeWtCpV4Ppw,1360000,1032387,23917,1094,https://i.ytimg.com/vi/zbCKbPlLzyc/default.jpg
yudCoXjIOiA,Estupenda Meditaci√≥n Guiada para Dormir y Descansar Profundamente,Meditaci√≥n3,UCmuESTgut4_eKeWtCpV4Ppw,1360000,1283107,16152,351,https://i.ytimg.com/vi/yudCoXjIOiA/default.jpg
fTbM-PySQ_E,"Mindfulness para la Ansiedad: üå∑ Meditaci√≥n Guiada para Nervios, Estr√©s o P√°nico",Meditaci√≥n3,UCmuESTgut4_eKeWtCpV4Ppw,1360000,2587228,51573,2261,https://i.ytimg.com/vi/fTbM-PySQ_E/default.jpg
eVjnAlD4wwQ,10 MINUTOS DE MEDITACI√ìN PARA LA ANSIEDAD - CALMA TU MENTE,Pau's Secrets,UCXob1p_5b9G8Qe9RVc3PdZg,44300,885561,19633,829,https://i.ytimg.com/vi/eVjnAlD4wwQ/default.jpg
LYoU1TSXH5M,Relajaci√≥n Meditaci√≥n Guiada Mindfulness para Dormir Profundamente,Meditaci√≥n3,UCmuESTgut4_eKeWtCpV4Ppw,1360000,526640,7261,126,https://i.ytimg.com/vi/LYoU1TSXH5M/default.jpg
IlCOXwyE_AQ,"Meditaci√≥n Guiada de Sanaci√≥n: Mindfulness Auto-Sanaci√≥n CUERPO, MENTE Y ALMA",Meditaci√≥n3,UCmuESTgut4_eKeWtCpV4Ppw,1360000,2281302,47051,1417,https://i.ytimg.com/vi/IlCOXwyE_AQ/default.jpg
htjHvGk8PLA,Meditaci√≥n Guiada para la Salud,Meditaci√≥n3,UCmuESTgut4_eKeWtCpV4Ppw,1360000,2179772,33752,1588,https://i.ytimg.com/vi/htjHvGk8PLA/default.jpg
VTMLLUwE5X4,üåπ Meditaci√≥n de la Ma√±ana para Atraer Alegr√≠a y Felicidad Durante el D√≠a,Meditaci√≥n3,UCmuESTgut4_eKeWtCpV4Ppw,1360000,1196149,40844,1574,https://i.ytimg.com/vi/VTMLLUwE5X4/default.jpg
8gtAlXLpC7I,C√≠rculo de Protecci√≥n del Arc√°ngel Miguel - Meditaci√≥n,Maestr√≠a del Ser - Edgar y Alma,UC1eL5zn0jt0sRZwdIjanw1w,40900,551757,15666,929,https://i.ytimg.com/vi/8gtAlXLpC7I/default.jpg
ClYhlvGiaG8,"Meditaci√≥n guiada  ""Encuentro con tu propia Sabidur√≠a""",Fundaci√≥n Sophia,UCypSNR2tnGYykTs4-9X9Z-Q,81700,118355,2903,114,https://i.ytimg.com/vi/ClYhlvGiaG8/default.jpg
DI8EJ19T90U,Meditaci√≥n Guiada: Superar Dificultades,Meditaci√≥n3,UCmuESTgut4_eKeWtCpV4Ppw,1360000,206612,6339,329,https://i.ytimg.com/vi/DI8EJ19T90U/default.jpg
D-Qoa8xUEgs,üò¥ RELAJACI√ìN GUIADA Meditaci√≥n para DORMIR... Super-efectiva!!,Meditaci√≥n3,UCmuESTgut4_eKeWtCpV4Ppw,1360000,2574194,27101,508,https://i.ytimg.com/vi/D-Qoa8xUEgs/default.jpg
AZS2niGiNjM,üßò‚Äç‚ôÄÔ∏è MEDITACI√ìN VS MINDFULNESS üßò‚Äç‚ôÇÔ∏è DIFERENCIA ENTRE MEDITACI√ìN Y MINDFULNESS,Miguel Camarena Salud,UCkU1UYWL9eRJBNdM1-u_nFA,178000,11008,465,28,https://i.ytimg.com/vi/AZS2niGiNjM/default.jpg
lh4JdZTJe7k,"12 Hours of Relaxing Sleep Music for Stress Relief, Sleeping & Meditation (Flying)",Soothing Relaxation,UCjzHeG1KWoonmf9d5KBvSiw,11400000,46950725,190912,12943,https://i.ytimg.com/vi/lh4JdZTJe7k/default.jpg
H-Wrcc9N2So,Mindfulness Meditaci√≥n Guiada: Respiraci√≥n y Bodyscan 25 minutos,Meditaci√≥n3,UCmuESTgut4_eKeWtCpV4Ppw,1360000,1037162,20879,571,https://i.ytimg.com/vi/H-Wrcc9N2So/default.jpg
AwbRERIzt6c,Sunday Scaries | Walking Meditation,Headspace,UC3JhfsgFPLSLNEROQCdj-GQ,740000,122088,1637,41,https://i.ytimg.com/vi/AwbRERIzt6c/default.jpg
IGw8JuAv9MM,MeditacioÃÅn guiada para conectar con la EnergiÃÅa femenina,Gabriela Litschi,UCJ80RT5ob5mSJT8KRwqGW4g,394000,219574,5891,151,https://i.ytimg.com/vi/IGw8JuAv9MM/default.jpg
S1QXDE7DnYc,Meditaci√≥n Cuarto Chakra,Meditaci√≥n3,UCmuESTgut4_eKeWtCpV4Ppw,1360000,363865,9783,429,https://i.ytimg.com/vi/S1QXDE7DnYc/default.jpg
sG7DBA-mgFY,10-Minute Meditation to Reframe Stress,Headspace,UC3JhfsgFPLSLNEROQCdj-GQ,740000,1987872,21212,371,https://i.ytimg.com/vi/sG7DBA-mgFY/default.jpg
XcRYEFVV__A,meditacioÃÅn para ninÃÉos,Martha de Llano,UClF9EKCWGg54bIDbK5zxZsw,3210,366548,4113,0,https://i.ytimg.com/vi/XcRYEFVV__A/default.jpg
V68MV5W1wxE,Ana Becoaj - Meditaci√≥n Kabalista 5780,Ahavah Ben Shabat,UCxIXrqn8umEyLW7vPVhmpRA,76900,84385,0,0,https://i.ytimg.com/vi/V68MV5W1wxE/default.jpg
bQ-_RElqzck,El desapego del conflicto | Meditaci√≥n | Arturveda,Arturveda meditaci√≥n,UC7YohTzpOPHZ5stzu7Xd43A,31700,10433,797,101,https://i.ytimg.com/vi/bQ-_RElqzck/default.jpg
6E9EcD148tQ,Meditaci√≥n Guiada - Paz | Yoga con Baruc,Yoga con Baruc,UCfYqPsgBD_xmxmcN5foRjhA,139000,6924,390,34,https://i.ytimg.com/vi/6E9EcD148tQ/default.jpg
sdDJLkjJfks,Meditaci√≥n Guiada 10 Minutos SUPER-EFECTIVA!!,Meditaci√≥n3,UCmuESTgut4_eKeWtCpV4Ppw,1360000,812211,15984,457,https://i.ytimg.com/vi/sdDJLkjJfks/default.jpg
NNOOOOYUNXM,MEDITACION GUIADA DE 10 MINUTOS | ARMONIZA TU DIA | MEDITACI√ìN DESPERTAR | SER FELIZ HOY | ‚ù§EASY ZEN,Easy Zen,UC2Z5BQhJWVgLX71_frN4oTA,1420000,1736801,36414,656,https://i.ytimg.com/vi/NNOOOOYUNXM/default.jpg
ay8B9hOt8_o,Ejercicio de Meditaci√≥n para Manejar la Ansiedad - Maytte,Maytte Sepulveda,UCjd1IqMxEJVhI0yfEVvXumQ,102000,39691,1351,77,https://i.ytimg.com/vi/ay8B9hOt8_o/default.jpg
JXtKvwPxHf8,"Meditaci√≥n del Salmo 69, 20 de Marzo del 2020, realizado por la hermana Mar√≠a Luisa Piraquive...",Mar√≠a Luisa Piraquive,UCo1s1oPdvveXEthBFfIpRzA,375000,1192924,0,0,https://i.ytimg.com/vi/JXtKvwPxHf8/default.jpg
kyTQqacjltU,"Meditaci√≥n  ""El lago en calma""",Fundaci√≥n Sophia,UCypSNR2tnGYykTs4-9X9Z-Q,81700,174812,3730,242,https://i.ytimg.com/vi/kyTQqacjltU/default.jpg
ptUqd3XgA0g,MINDFULNESS. MEDITACIOÃÅN DE LA FELICIDAD,Fundaci√≥n Sophia,UCypSNR2tnGYykTs4-9X9Z-Q,81700,317760,6831,188,https://i.ytimg.com/vi/ptUqd3XgA0g/default.jpg
5blG9lRgJy8,Suelta las preocupaciones y recupera la serenidad (meditaci√≥n corta guiada  - recupera tu paz),Simplemente Diosas,UC9FmTrJ4HD_mZWjZQmOfaOg,467000,13103,485,48,https://i.ytimg.com/vi/5blG9lRgJy8/default.jpg
QKgJ83L5e0Y,MeditacioÃÅn y relajacioÃÅn con Petit BamBou,Xuan Lan Yoga,UCKQgiVPqEPU0tImAjFG5lNA,2020000,192944,4736,94,https://i.ytimg.com/vi/QKgJ83L5e0Y/default.jpg
gczM7NlVnCE,Meditaci√≥n para comenzar el d√≠a.,Mensajes para vivir- C√©sar Fern√°ndez,UC-qUWIssTRT6fcr6gsjkwmQ,797000,60760,2533,74,https://i.ytimg.com/vi/gczM7NlVnCE/default.jpg
n3tjAMHy2l4,MEDITACI√ìN GUIADA: SANA TU MENTE - SANA TU CUERPO (MUY EFECTIVA),Andr√©s Rada - Psic√≥logo,UCbmUg-z6ko192cIwteFIdmw,71400,1674032,28701,3823,https://i.ytimg.com/vi/n3tjAMHy2l4/default.jpg
AciErpZDLzA,Que no te gobierne el miedo | Meditaci√≥n para transformar el miedo,Ana Mar Orihuela,UCxZME8AJPhXr2puZFavq1Lw,81200,15678,608,28,https://i.ytimg.com/vi/AciErpZDLzA/default.jpg
QwhgCvJqkD0,Importancia de la meditaci√≥n/ Pablo G√≥mez psiquiatra,Pablo G√≥mez Psiquiatra,UCdwxjEwpKg26GJv299bxzow,855000,44390,3243,159,https://i.ytimg.com/vi/QwhgCvJqkD0/default.jpg
ua6mkxO9GxQ,MEDITACI√ìN guiada Reducir el estr√©s y Calmar la mente üôè 12 minutos @GabrielaLitschi,Gabriela Litschi,UCJ80RT5ob5mSJT8KRwqGW4g,394000,3372108,55795,2711,https://i.ytimg.com/vi/ua6mkxO9GxQ/default.jpg
3mFVCX2wmqw,MEDITACI√ìN de la GRATITUD | El poder de agradecer,Mindful Science,UCvZKEunQgNxg6iJh62YGcdQ,1420000,3401879,78340,2283,https://i.ytimg.com/vi/3mFVCX2wmqw/default.jpg
NuRFBCoq_0Y,"Meditaci√≥n para Dormir: Ley de la Atracci√≥n, abundancia y Prosperidad",Meditaci√≥n3,UCmuESTgut4_eKeWtCpV4Ppw,1360000,15336679,175030,4132,https://i.ytimg.com/vi/NuRFBCoq_0Y/default.jpg
2fY88hHQj5s,Meditaci√≥n Guiada por Lama Rinchen Gyaltsen | Calma mental,Paramita,UC9uMYCMlq9sEFLHO6r0awXA,545000,936351,14089,368,https://i.ytimg.com/vi/2fY88hHQj5s/default.jpg
RsZlNbJ2q4s,"(Audio) Meditaci√≥n ‚Äì Juan cap√≠tulo 4, Hna Mar√≠a Luisa Piraquive, 27 marzo 2020",Iglesia de Dios Ministerial de Jesucristo Internacional,UCUjJIBhmuntlbobKGgDcxAA,829000,529777,0,0,https://i.ytimg.com/vi/RsZlNbJ2q4s/default.jpg
uueyaAB5ZtE,"(Audio) Meditaci√≥n ‚Äì La deidad de nuestro Se√±or Jesucristo, Hna. Mar√≠a Luisa Piraquive 24 marzo 2020",Iglesia de Dios Ministerial de Jesucristo Internacional,UCUjJIBhmuntlbobKGgDcxAA,829000,384061,0,0,https://i.ytimg.com/vi/uueyaAB5ZtE/default.jpg
oszhW4gaI7k,Contacta con tu Gu√≠a Espiritual/Yo Superior/Voz Interior: Meditaci√≥n Guiada,Meditaci√≥n3,UCmuESTgut4_eKeWtCpV4Ppw,1360000,5297474,112207,4870,https://i.ytimg.com/vi/oszhW4gaI7k/default.jpg
rFLXCWOjb_Y,Mindfulness MEDITACI√ìN de la MA√ëANA 15 minutos,Meditaci√≥n3,UCmuESTgut4_eKeWtCpV4Ppw,1360000,8572882,141243,3754,https://i.ytimg.com/vi/rFLXCWOjb_Y/default.jpg
U2dnwLuHE6w,üå∑ Mindfulness MEDITACI√ìN de la MA√ëANA 5 minutos: Necesaria!!!,Meditaci√≥n3,UCmuESTgut4_eKeWtCpV4Ppw,1360000,5336296,115739,2311,https://i.ytimg.com/vi/U2dnwLuHE6w/default.jpg
sEZnrnE_6ls,"MEDITACI√ìN de la ma√±ana  | Comienza el d√≠a con energ√≠a, optimismo y conciencia",Mindful Science,UCvZKEunQgNxg6iJh62YGcdQ,1420000,2259098,50046,1142,https://i.ytimg.com/vi/sEZnrnE_6ls/default.jpg
2XuoymyjCdw,Meditaci√≥n Guiada para Dormir: Meditar en la Gratitud,Meditaci√≥n3,UCmuESTgut4_eKeWtCpV4Ppw,1360000,1059799,20437,548,https://i.ytimg.com/vi/2XuoymyjCdw/default.jpg
kwTKk6u30x4,C√≥mo meditar con mindfulness | La mejor explicaci√≥n para principiantes,Mindful Science,UCvZKEunQgNxg6iJh62YGcdQ,1420000,2462148,157120,2963,https://i.ytimg.com/vi/kwTKk6u30x4/default.jpg
DekfS5KHsvc,Meditaci√≥n Guiada üßòüèª‚Äç‚ôÄÔ∏è de la Monta√±a  ‚õ∞ Elsa Punset,Elsa Punset,UCBFxE8PWFM58J57sJXaFZJQ,260000,112459,2648,82,https://i.ytimg.com/vi/DekfS5KHsvc/default.jpg
FVU8a9MGnlI,Meditaci√≥n Guiada para Dormir y Descansar Profundamente,Meditaci√≥n3,UCmuESTgut4_eKeWtCpV4Ppw,1360000,882180,15132,424,https://i.ytimg.com/vi/FVU8a9MGnlI/default.jpg
BTXcdQlXRJY,La meditaci√≥n guiada PERFECTA para terminar el d√≠a | Mindful Science,Mindful Science,UCvZKEunQgNxg6iJh62YGcdQ,1420000,1546224,35987,921,https://i.ytimg.com/vi/BTXcdQlXRJY/default.jpg
zbCKbPlLzyc,"Meditaci√≥n para Dolores: Espalda, Fibromialgia, Cabeza... Relajaci√≥n y Distanciamiento",Meditaci√≥n3,UCmuESTgut4_eKeWtCpV4Ppw,1360000,1032387,23917,1094,https://i.ytimg.com/vi/zbCKbPlLzyc/default.jpg
yudCoXjIOiA,Estupenda Meditaci√≥n Guiada para Dormir y Descansar Profundamente,Meditaci√≥n3,UCmuESTgut4_eKeWtCpV4Ppw,1360000,1283107,16152,351,https://i.ytimg.com/vi/yudCoXjIOiA/default.jpg
fTbM-PySQ_E,"Mindfulness para la Ansiedad: üå∑ Meditaci√≥n Guiada para Nervios, Estr√©s o P√°nico",Meditaci√≥n3,UCmuESTgut4_eKeWtCpV4Ppw,1360000,2587228,51573,2261,https://i.ytimg.com/vi/fTbM-PySQ_E/default.jpg
eVjnAlD4wwQ,10 MINUTOS DE MEDITACI√ìN PARA LA ANSIEDAD - CALMA TU MENTE,Pau's Secrets,UCXob1p_5b9G8Qe9RVc3PdZg,44300,885561,19633,829,https://i.ytimg.com/vi/eVjnAlD4wwQ/default.jpg
LYoU1TSXH5M,Relajaci√≥n Meditaci√≥n Guiada Mindfulness para Dormir Profundamente,Meditaci√≥n3,UCmuESTgut4_eKeWtCpV4Ppw,1360000,526640,7261,126,https://i.ytimg.com/vi/LYoU1TSXH5M/default.jpg
lh4JdZTJe7k,"12 Hours of Relaxing Sleep Music for Stress Relief, Sleeping & Meditation (Flying)",Soothing Relaxation,UCjzHeG1KWoonmf9d5KBvSiw,11400000,46950725,190912,12943,https://i.ytimg.com/vi/lh4JdZTJe7k/default.jpg
IlCOXwyE_AQ,"Meditaci√≥n Guiada de Sanaci√≥n: Mindfulness Auto-Sanaci√≥n CUERPO, MENTE Y ALMA",Meditaci√≥n3,UCmuESTgut4_eKeWtCpV4Ppw,1360000,2281302,47051,1417,https://i.ytimg.com/vi/IlCOXwyE_AQ/default.jpg
htjHvGk8PLA,Meditaci√≥n Guiada para la Salud,Meditaci√≥n3,UCmuESTgut4_eKeWtCpV4Ppw,1360000,2179772,33752,1588,https://i.ytimg.com/vi/htjHvGk8PLA/default.jpg
VTMLLUwE5X4,üåπ Meditaci√≥n de la Ma√±ana para Atraer Alegr√≠a y Felicidad Durante el D√≠a,Meditaci√≥n3,UCmuESTgut4_eKeWtCpV4Ppw,1360000,1196149,40844,1574,https://i.ytimg.com/vi/VTMLLUwE5X4/default.jpg
8gtAlXLpC7I,C√≠rculo de Protecci√≥n del Arc√°ngel Miguel - Meditaci√≥n,Maestr√≠a del Ser - Edgar y Alma,UC1eL5zn0jt0sRZwdIjanw1w,40900,551757,15666,929,https://i.ytimg.com/vi/8gtAlXLpC7I/default.jpg
ClYhlvGiaG8,"Meditaci√≥n guiada  ""Encuentro con tu propia Sabidur√≠a""",Fundaci√≥n Sophia,UCypSNR2tnGYykTs4-9X9Z-Q,81700,118355,2903,114,https://i.ytimg.com/vi/ClYhlvGiaG8/default.jpg
DI8EJ19T90U,Meditaci√≥n Guiada: Superar Dificultades,Meditaci√≥n3,UCmuESTgut4_eKeWtCpV4Ppw,1360000,206612,6339,329,https://i.ytimg.com/vi/DI8EJ19T90U/default.jpg
6E9EcD148tQ,Meditaci√≥n Guiada - Paz | Yoga con Baruc,Yoga con Baruc,UCfYqPsgBD_xmxmcN5foRjhA,139000,6924,390,34,https://i.ytimg.com/vi/6E9EcD148tQ/default.jpg
D-Qoa8xUEgs,üò¥ RELAJACI√ìN GUIADA Meditaci√≥n para DORMIR... Super-efectiva!!,Meditaci√≥n3,UCmuESTgut4_eKeWtCpV4Ppw,1360000,2574194,27101,508,https://i.ytimg.com/vi/D-Qoa8xUEgs/default.jpg
AZS2niGiNjM,üßò‚Äç‚ôÄÔ∏è MEDITACI√ìN VS MINDFULNESS üßò‚Äç‚ôÇÔ∏è DIFERENCIA ENTRE MEDITACI√ìN Y MINDFULNESS,Miguel Camarena Salud,UCkU1UYWL9eRJBNdM1-u_nFA,178000,11008,465,28,https://i.ytimg.com/vi/AZS2niGiNjM/default.jpg
AwbRERIzt6c,Sunday Scaries | Walking Meditation,Headspace,UC3JhfsgFPLSLNEROQCdj-GQ,740000,122088,1637,41,https://i.ytimg.com/vi/AwbRERIzt6c/default.jpg
H-Wrcc9N2So,Mindfulness Meditaci√≥n Guiada: Respiraci√≥n y Bodyscan 25 minutos,Meditaci√≥n3,UCmuESTgut4_eKeWtCpV4Ppw,1360000,1037162,20879,571,https://i.ytimg.com/vi/H-Wrcc9N2So/default.jpg
IGw8JuAv9MM,MeditacioÃÅn guiada para conectar con la EnergiÃÅa femenina,Gabriela Litschi,UCJ80RT5ob5mSJT8KRwqGW4g,394000,219574,5891,151,https://i.ytimg.com/vi/IGw8JuAv9MM/default.jpg
S1QXDE7DnYc,Meditaci√≥n Cuarto Chakra,Meditaci√≥n3,UCmuESTgut4_eKeWtCpV4Ppw,1360000,363865,9783,429,https://i.ytimg.com/vi/S1QXDE7DnYc/default.jpg
bQ-_RElqzck,El desapego del conflicto | Meditaci√≥n | Arturveda,Arturveda meditaci√≥n,UC7YohTzpOPHZ5stzu7Xd43A,31700,10433,797,101,https://i.ytimg.com/vi/bQ-_RElqzck/default.jpg
QwhgCvJqkD0,Importancia de la meditaci√≥n/ Pablo G√≥mez psiquiatra,Pablo G√≥mez Psiquiatra,UCdwxjEwpKg26GJv299bxzow,855000,44390,3243,159,https://i.ytimg.com/vi/QwhgCvJqkD0/default.jpg
XcRYEFVV__A,meditacioÃÅn para ninÃÉos,Martha de Llano,UClF9EKCWGg54bIDbK5zxZsw,3210,366548,4113,0,https://i.ytimg.com/vi/XcRYEFVV__A/default.jpg
sG7DBA-mgFY,10-Minute Meditation to Reframe Stress,Headspace,UC3JhfsgFPLSLNEROQCdj-GQ,740000,1987872,21212,371,https://i.ytimg.com/vi/sG7DBA-mgFY/default.jpg
QKgJ83L5e0Y,MeditacioÃÅn y relajacioÃÅn con Petit BamBou,Xuan Lan Yoga,UCKQgiVPqEPU0tImAjFG5lNA,2020000,192944,4736,94,https://i.ytimg.com/vi/QKgJ83L5e0Y/default.jpg
V68MV5W1wxE,Ana Becoaj - Meditaci√≥n Kabalista 5780,Ahavah Ben Shabat,UCxIXrqn8umEyLW7vPVhmpRA,76900,84385,0,0,https://i.ytimg.com/vi/V68MV5W1wxE/default.jpg
sdDJLkjJfks,Meditaci√≥n Guiada 10 Minutos SUPER-EFECTIVA!!,Meditaci√≥n3,UCmuESTgut4_eKeWtCpV4Ppw,1360000,812211,15984,457,https://i.ytimg.com/vi/sdDJLkjJfks/default.jpg
ay8B9hOt8_o,Ejercicio de Meditaci√≥n para Manejar la Ansiedad - Maytte,Maytte Sepulveda,UCjd1IqMxEJVhI0yfEVvXumQ,102000,39691,1351,77,https://i.ytimg.com/vi/ay8B9hOt8_o/default.jpg
NNOOOOYUNXM,MEDITACION GUIADA DE 10 MINUTOS | ARMONIZA TU DIA | MEDITACI√ìN DESPERTAR | SER FELIZ HOY | ‚ù§EASY ZEN,Easy Zen,UC2Z5BQhJWVgLX71_frN4oTA,1420000,1736801,36414,656,https://i.ytimg.com/vi/NNOOOOYUNXM/default.jpg
JXtKvwPxHf8,"Meditaci√≥n del Salmo 69, 20 de Marzo del 2020, realizado por la hermana Mar√≠a Luisa Piraquive...",Mar√≠a Luisa Piraquive,UCo1s1oPdvveXEthBFfIpRzA,375000,1192924,0,0,https://i.ytimg.com/vi/JXtKvwPxHf8/default.jpg
kyTQqacjltU,"Meditaci√≥n  ""El lago en calma""",Fundaci√≥n Sophia,UCypSNR2tnGYykTs4-9X9Z-Q,81700,174812,3730,242,https://i.ytimg.com/vi/kyTQqacjltU/default.jpg
K7n8rTXZuqw,Ense√±anza y Meditaci√≥n Guiada - Claudio Naranjo,Fundaci√≥n Claudio Naranjo,UCkscV51li_H7RrOl471SvmA,45800,172585,4436,180,https://i.ytimg.com/vi/K7n8rTXZuqw/default.jpg
ptUqd3XgA0g,MINDFULNESS. MEDITACIOÃÅN DE LA FELICIDAD,Fundaci√≥n Sophia,UCypSNR2tnGYykTs4-9X9Z-Q,81700,317760,6831,188,https://i.ytimg.com/vi/ptUqd3XgA0g/default.jpg
5blG9lRgJy8,Suelta las preocupaciones y recupera la serenidad (meditaci√≥n corta guiada  - recupera tu paz),Simplemente Diosas,UC9FmTrJ4HD_mZWjZQmOfaOg,467000,13103,485,48,https://i.ytimg.com/vi/5blG9lRgJy8/default.jpg
n3tjAMHy2l4,MEDITACI√ìN GUIADA: SANA TU MENTE - SANA TU CUERPO (MUY EFECTIVA),Andr√©s Rada - Psic√≥logo,UCbmUg-z6ko192cIwteFIdmw,71400,1674032,28701,3823,https://i.ytimg.com/vi/n3tjAMHy2l4/default.jpg
AciErpZDLzA,Que no te gobierne el miedo | Meditaci√≥n para transformar el miedo,Ana Mar Orihuela,UCxZME8AJPhXr2puZFavq1Lw,81200,15678,608,28,https://i.ytimg.com/vi/AciErpZDLzA/default.jpg
ua6mkxO9GxQ,MEDITACI√ìN guiada Reducir el estr√©s y Calmar la mente üôè 12 minutos @GabrielaLitschi,Gabriela Litschi,UCJ80RT5ob5mSJT8KRwqGW4g,394000,3372108,55795,2711,https://i.ytimg.com/vi/ua6mkxO9GxQ/default.jpg
3mFVCX2wmqw,MEDITACI√ìN de la GRATITUD | El poder de agradecer,Mindful Science,UCvZKEunQgNxg6iJh62YGcdQ,1420000,3401879,78340,2283,https://i.ytimg.com/vi/3mFVCX2wmqw/default.jpg
NuRFBCoq_0Y,"Meditaci√≥n para Dormir: Ley de la Atracci√≥n, abundancia y Prosperidad",Meditaci√≥n3,UCmuESTgut4_eKeWtCpV4Ppw,1360000,15336679,175030,4132,https://i.ytimg.com/vi/NuRFBCoq_0Y/default.jpg
2fY88hHQj5s,Meditaci√≥n Guiada por Lama Rinchen Gyaltsen | Calma mental,Paramita,UC9uMYCMlq9sEFLHO6r0awXA,545000,936351,14089,368,https://i.ytimg.com/vi/2fY88hHQj5s/default.jpg
RsZlNbJ2q4s,"(Audio) Meditaci√≥n ‚Äì Juan cap√≠tulo 4, Hna Mar√≠a Luisa Piraquive, 27 marzo 2020",Iglesia de Dios Ministerial de Jesucristo Internacional,UCUjJIBhmuntlbobKGgDcxAA,829000,529777,0,0,https://i.ytimg.com/vi/RsZlNbJ2q4s/default.jpg
uueyaAB5ZtE,"(Audio) Meditaci√≥n ‚Äì La deidad de nuestro Se√±or Jesucristo, Hna. Mar√≠a Luisa Piraquive 24 marzo 2020",Iglesia de Dios Ministerial de Jesucristo Internacional,UCUjJIBhmuntlbobKGgDcxAA,829000,384061,0,0,https://i.ytimg.com/vi/uueyaAB5ZtE/default.jpg
oszhW4gaI7k,Contacta con tu Gu√≠a Espiritual/Yo Superior/Voz Interior: Meditaci√≥n Guiada,Meditaci√≥n3,UCmuESTgut4_eKeWtCpV4Ppw,1360000,5297474,112207,4870,https://i.ytimg.com/vi/oszhW4gaI7k/default.jpg
rFLXCWOjb_Y,Mindfulness MEDITACI√ìN de la MA√ëANA 15 minutos,Meditaci√≥n3,UCmuESTgut4_eKeWtCpV4Ppw,1360000,8572882,141243,3754,https://i.ytimg.com/vi/rFLXCWOjb_Y/default.jpg
U2dnwLuHE6w,üå∑ Mindfulness MEDITACI√ìN de la MA√ëANA 5 minutos: Necesaria!!!,Meditaci√≥n3,UCmuESTgut4_eKeWtCpV4Ppw,1360000,5336296,115739,2311,https://i.ytimg.com/vi/U2dnwLuHE6w/default.jpg
sEZnrnE_6ls,"MEDITACI√ìN de la ma√±ana  | Comienza el d√≠a con energ√≠a, optimismo y conciencia",Mindful Science,UCvZKEunQgNxg6iJh62YGcdQ,1420000,2259098,50046,1142,https://i.ytimg.com/vi/sEZnrnE_6ls/default.jpg
2XuoymyjCdw,Meditaci√≥n Guiada para Dormir: Meditar en la Gratitud,Meditaci√≥n3,UCmuESTgut4_eKeWtCpV4Ppw,1360000,1059799,20437,548,https://i.ytimg.com/vi/2XuoymyjCdw/default.jpg
BTXcdQlXRJY,La meditaci√≥n guiada PERFECTA para terminar el d√≠a | Mindful Science,Mindful Science,UCvZKEunQgNxg6iJh62YGcdQ,1420000,1546224,35987,921,https://i.ytimg.com/vi/BTXcdQlXRJY/default.jpg
DekfS5KHsvc,Meditaci√≥n Guiada üßòüèª‚Äç‚ôÄÔ∏è de la Monta√±a  ‚õ∞ Elsa Punset,Elsa Punset,UCBFxE8PWFM58J57sJXaFZJQ,260000,112459,2648,82,https://i.ytimg.com/vi/DekfS5KHsvc/default.jpg
yudCoXjIOiA,Estupenda Meditaci√≥n Guiada para Dormir y Descansar Profundamente,Meditaci√≥n3,UCmuESTgut4_eKeWtCpV4Ppw,1360000,1283107,16152,351,https://i.ytimg.com/vi/yudCoXjIOiA/default.jpg
kwTKk6u30x4,C√≥mo meditar con mindfulness | La mejor explicaci√≥n para principiantes,Mindful Science,UCvZKEunQgNxg6iJh62YGcdQ,1420000,2462148,157120,2963,https://i.ytimg.com/vi/kwTKk6u30x4/default.jpg
FVU8a9MGnlI,Meditaci√≥n Guiada para Dormir y Descansar Profundamente,Meditaci√≥n3,UCmuESTgut4_eKeWtCpV4Ppw,1360000,882180,15132,424,https://i.ytimg.com/vi/FVU8a9MGnlI/default.jpg
zbCKbPlLzyc,"Meditaci√≥n para Dolores: Espalda, Fibromialgia, Cabeza... Relajaci√≥n y Distanciamiento",Meditaci√≥n3,UCmuESTgut4_eKeWtCpV4Ppw,1360000,1032387,23917,1094,https://i.ytimg.com/vi/zbCKbPlLzyc/default.jpg
fTbM-PySQ_E,"Mindfulness para la Ansiedad: üå∑ Meditaci√≥n Guiada para Nervios, Estr√©s o P√°nico",Meditaci√≥n3,UCmuESTgut4_eKeWtCpV4Ppw,1360000,2587228,51573,2261,https://i.ytimg.com/vi/fTbM-PySQ_E/default.jpg
eVjnAlD4wwQ,10 MINUTOS DE MEDITACI√ìN PARA LA ANSIEDAD - CALMA TU MENTE,Pau's Secrets,UCXob1p_5b9G8Qe9RVc3PdZg,44300,885561,19633,829,https://i.ytimg.com/vi/eVjnAlD4wwQ/default.jpg
LYoU1TSXH5M,Relajaci√≥n Meditaci√≥n Guiada Mindfulness para Dormir Profundamente,Meditaci√≥n3,UCmuESTgut4_eKeWtCpV4Ppw,1360000,526640,7261,126,https://i.ytimg.com/vi/LYoU1TSXH5M/default.jpg
lh4JdZTJe7k,"12 Hours of Relaxing Sleep Music for Stress Relief, Sleeping & Meditation (Flying)",Soothing Relaxation,UCjzHeG1KWoonmf9d5KBvSiw,11400000,46950725,190912,12943,https://i.ytimg.com/vi/lh4JdZTJe7k/default.jpg
IlCOXwyE_AQ,"Meditaci√≥n Guiada de Sanaci√≥n: Mindfulness Auto-Sanaci√≥n CUERPO, MENTE Y ALMA",Meditaci√≥n3,UCmuESTgut4_eKeWtCpV4Ppw,1360000,2281302,47051,1417,https://i.ytimg.com/vi/IlCOXwyE_AQ/default.jpg
htjHvGk8PLA,Meditaci√≥n Guiada para la Salud,Meditaci√≥n3,UCmuESTgut4_eKeWtCpV4Ppw,1360000,2179772,33752,1588,https://i.ytimg.com/vi/htjHvGk8PLA/default.jpg
VTMLLUwE5X4,üåπ Meditaci√≥n de la Ma√±ana para Atraer Alegr√≠a y Felicidad Durante el D√≠a,Meditaci√≥n3,UCmuESTgut4_eKeWtCpV4Ppw,1360000,1196149,40844,1574,https://i.ytimg.com/vi/VTMLLUwE5X4/default.jpg
6E9EcD148tQ,Meditaci√≥n Guiada - Paz | Yoga con Baruc,Yoga con Baruc,UCfYqPsgBD_xmxmcN5foRjhA,139000,6924,390,34,https://i.ytimg.com/vi/6E9EcD148tQ/default.jpg
8gtAlXLpC7I,C√≠rculo de Protecci√≥n del Arc√°ngel Miguel - Meditaci√≥n,Maestr√≠a del Ser - Edgar y Alma,UC1eL5zn0jt0sRZwdIjanw1w,40900,551757,15666,929,https://i.ytimg.com/vi/8gtAlXLpC7I/default.jpg
ClYhlvGiaG8,"Meditaci√≥n guiada  ""Encuentro con tu propia Sabidur√≠a""",Fundaci√≥n Sophia,UCypSNR2tnGYykTs4-9X9Z-Q,81700,118355,2903,114,https://i.ytimg.com/vi/ClYhlvGiaG8/default.jpg
DI8EJ19T90U,Meditaci√≥n Guiada: Superar Dificultades,Meditaci√≥n3,UCmuESTgut4_eKeWtCpV4Ppw,1360000,206612,6339,329,https://i.ytimg.com/vi/DI8EJ19T90U/default.jpg
AZS2niGiNjM,üßò‚Äç‚ôÄÔ∏è MEDITACI√ìN VS MINDFULNESS üßò‚Äç‚ôÇÔ∏è DIFERENCIA ENTRE MEDITACI√ìN Y MINDFULNESS,Miguel Camarena Salud,UCkU1UYWL9eRJBNdM1-u_nFA,178000,11008,465,28,https://i.ytimg.com/vi/AZS2niGiNjM/default.jpg
AwbRERIzt6c,Sunday Scaries | Walking Meditation,Headspace,UC3JhfsgFPLSLNEROQCdj-GQ,740000,122088,1637,41,https://i.ytimg.com/vi/AwbRERIzt6c/default.jpg
D-Qoa8xUEgs,üò¥ RELAJACI√ìN GUIADA Meditaci√≥n para DORMIR... Super-efectiva!!,Meditaci√≥n3,UCmuESTgut4_eKeWtCpV4Ppw,1360000,2574194,27101,508,https://i.ytimg.com/vi/D-Qoa8xUEgs/default.jpg
IGw8JuAv9MM,MeditacioÃÅn guiada para conectar con la EnergiÃÅa femenina,Gabriela Litschi,UCJ80RT5ob5mSJT8KRwqGW4g,394000,219574,5891,151,https://i.ytimg.com/vi/IGw8JuAv9MM/default.jpg
H-Wrcc9N2So,Mindfulness Meditaci√≥n Guiada: Respiraci√≥n y Bodyscan 25 minutos,Meditaci√≥n3,UCmuESTgut4_eKeWtCpV4Ppw,1360000,1037162,20879,571,https://i.ytimg.com/vi/H-Wrcc9N2So/default.jpg
MQyIqfztqz8,Relajaci√≥n Guiada para Dormir: Ansiedad y Estr√©s,Meditaci√≥n3,UCmuESTgut4_eKeWtCpV4Ppw,1360000,2305064,33049,653,https://i.ytimg.com/vi/MQyIqfztqz8/default.jpg
S1QXDE7DnYc,Meditaci√≥n Cuarto Chakra,Meditaci√≥n3,UCmuESTgut4_eKeWtCpV4Ppw,1360000,363865,9783,429,https://i.ytimg.com/vi/S1QXDE7DnYc/default.jpg
QwhgCvJqkD0,Importancia de la meditaci√≥n/ Pablo G√≥mez psiquiatra,Pablo G√≥mez Psiquiatra,UCdwxjEwpKg26GJv299bxzow,855000,44390,3243,159,https://i.ytimg.com/vi/QwhgCvJqkD0/default.jpg
XcRYEFVV__A,meditacioÃÅn para ninÃÉos,Martha de Llano,UClF9EKCWGg54bIDbK5zxZsw,3210,366548,4113,0,https://i.ytimg.com/vi/XcRYEFVV__A/default.jpg
sG7DBA-mgFY,10-Minute Meditation to Reframe Stress,Headspace,UC3JhfsgFPLSLNEROQCdj-GQ,740000,1987872,21212,371,https://i.ytimg.com/vi/sG7DBA-mgFY/default.jpg
V68MV5W1wxE,Ana Becoaj - Meditaci√≥n Kabalista 5780,Ahavah Ben Shabat,UCxIXrqn8umEyLW7vPVhmpRA,76900,84385,0,0,https://i.ytimg.com/vi/V68MV5W1wxE/default.jpg
QKgJ83L5e0Y,MeditacioÃÅn y relajacioÃÅn con Petit BamBou,Xuan Lan Yoga,UCKQgiVPqEPU0tImAjFG5lNA,2020000,192944,4736,94,https://i.ytimg.com/vi/QKgJ83L5e0Y/default.jpg
NNOOOOYUNXM,MEDITACION GUIADA DE 10 MINUTOS | ARMONIZA TU DIA | MEDITACI√ìN DESPERTAR | SER FELIZ HOY | ‚ù§EASY ZEN,Easy Zen,UC2Z5BQhJWVgLX71_frN4oTA,1420000,1736801,36414,656,https://i.ytimg.com/vi/NNOOOOYUNXM/default.jpg
ay8B9hOt8_o,Ejercicio de Meditaci√≥n para Manejar la Ansiedad - Maytte,Maytte Sepulveda,UCjd1IqMxEJVhI0yfEVvXumQ,102000,39691,1351,77,https://i.ytimg.com/vi/ay8B9hOt8_o/default.jpg
sdDJLkjJfks,Meditaci√≥n Guiada 10 Minutos SUPER-EFECTIVA!!,Meditaci√≥n3,UCmuESTgut4_eKeWtCpV4Ppw,1360000,812211,15984,457,https://i.ytimg.com/vi/sdDJLkjJfks/default.jpg
0sjVoX5ASwg,Mindfulness 5 Minutos,Meditaci√≥n3,UCmuESTgut4_eKeWtCpV4Ppw,1360000,695023,16325,334,https://i.ytimg.com/vi/0sjVoX5ASwg/default.jpg
kyTQqacjltU,"Meditaci√≥n  ""El lago en calma""",Fundaci√≥n Sophia,UCypSNR2tnGYykTs4-9X9Z-Q,81700,174812,3730,242,https://i.ytimg.com/vi/kyTQqacjltU/default.jpg
5blG9lRgJy8,Suelta las preocupaciones y recupera la serenidad (meditaci√≥n corta guiada  - recupera tu paz),Simplemente Diosas,UC9FmTrJ4HD_mZWjZQmOfaOg,467000,13103,485,48,https://i.ytimg.com/vi/5blG9lRgJy8/default.jpg
K7n8rTXZuqw,Ense√±anza y Meditaci√≥n Guiada - Claudio Naranjo,Fundaci√≥n Claudio Naranjo,UCkscV51li_H7RrOl471SvmA,45800,172585,4436,180,https://i.ytimg.com/vi/K7n8rTXZuqw/default.jpg
Av8SkBOIQfA,MEDITACI√ìN GUIADA PARA CALMAR ANSIEDAD | PAZ INTERIOR | LIBERAR ESTR√âS | Elena Malova,MalovaElena,UCb-ODDTys9PeeSyreyh___w,3650000,188434,4722,206,https://i.ytimg.com/vi/Av8SkBOIQfA/default.jpg
AciErpZDLzA,Que no te gobierne el miedo | Meditaci√≥n para transformar el miedo,Ana Mar Orihuela,UCxZME8AJPhXr2puZFavq1Lw,81200,15678,608,28,https://i.ytimg.com/vi/AciErpZDLzA/default.jpg
gczM7NlVnCE,Meditaci√≥n para comenzar el d√≠a.,Mensajes para vivir- C√©sar Fern√°ndez,UC-qUWIssTRT6fcr6gsjkwmQ,797000,60760,2533,74,https://i.ytimg.com/vi/gczM7NlVnCE/default.jpg
ua6mkxO9GxQ,MEDITACI√ìN guiada Reducir el estr√©s y Calmar la mente üôè 12 minutos @GabrielaLitschi,Gabriela Litschi,UCJ80RT5ob5mSJT8KRwqGW4g,394000,3372108,55795,2711,https://i.ytimg.com/vi/ua6mkxO9GxQ/default.jpg
3mFVCX2wmqw,MEDITACI√ìN de la GRATITUD | El poder de agradecer,Mindful Science,UCvZKEunQgNxg6iJh62YGcdQ,1420000,3401879,78340,2283,https://i.ytimg.com/vi/3mFVCX2wmqw/default.jpg
NuRFBCoq_0Y,"Meditaci√≥n para Dormir: Ley de la Atracci√≥n, abundancia y Prosperidad",Meditaci√≥n3,UCmuESTgut4_eKeWtCpV4Ppw,1360000,15336679,175030,4132,https://i.ytimg.com/vi/NuRFBCoq_0Y/default.jpg
2fY88hHQj5s,Meditaci√≥n Guiada por Lama Rinchen Gyaltsen | Calma mental,Paramita,UC9uMYCMlq9sEFLHO6r0awXA,545000,936351,14089,368,https://i.ytimg.com/vi/2fY88hHQj5s/default.jpg
RsZlNbJ2q4s,"(Audio) Meditaci√≥n ‚Äì Juan cap√≠tulo 4, Hna Mar√≠a Luisa Piraquive, 27 marzo 2020",Iglesia de Dios Ministerial de Jesucristo Internacional,UCUjJIBhmuntlbobKGgDcxAA,829000,529777,0,0,https://i.ytimg.com/vi/RsZlNbJ2q4s/default.jpg
uueyaAB5ZtE,"(Audio) Meditaci√≥n ‚Äì La deidad de nuestro Se√±or Jesucristo, Hna. Mar√≠a Luisa Piraquive 24 marzo 2020",Iglesia de Dios Ministerial de Jesucristo Internacional,UCUjJIBhmuntlbobKGgDcxAA,829000,384061,0,0,https://i.ytimg.com/vi/uueyaAB5ZtE/default.jpg
oszhW4gaI7k,Contacta con tu Gu√≠a Espiritual/Yo Superior/Voz Interior: Meditaci√≥n Guiada,Meditaci√≥n3,UCmuESTgut4_eKeWtCpV4Ppw,1360000,5297474,112207,4870,https://i.ytimg.com/vi/oszhW4gaI7k/default.jpg
rFLXCWOjb_Y,Mindfulness MEDITACI√ìN de la MA√ëANA 15 minutos,Meditaci√≥n3,UCmuESTgut4_eKeWtCpV4Ppw,1360000,8572882,141243,3754,https://i.ytimg.com/vi/rFLXCWOjb_Y/default.jpg
U2dnwLuHE6w,üå∑ Mindfulness MEDITACI√ìN de la MA√ëANA 5 minutos: Necesaria!!!,Meditaci√≥n3,UCmuESTgut4_eKeWtCpV4Ppw,1360000,5336296,115739,2311,https://i.ytimg.com/vi/U2dnwLuHE6w/default.jpg
sEZnrnE_6ls,"MEDITACI√ìN de la ma√±ana  | Comienza el d√≠a con energ√≠a, optimismo y conciencia",Mindful Science,UCvZKEunQgNxg6iJh62YGcdQ,1420000,2259098,50046,1142,https://i.ytimg.com/vi/sEZnrnE_6ls/default.jpg
2XuoymyjCdw,Meditaci√≥n Guiada para Dormir: Meditar en la Gratitud,Meditaci√≥n3,UCmuESTgut4_eKeWtCpV4Ppw,1360000,1059799,20437,548,https://i.ytimg.com/vi/2XuoymyjCdw/default.jpg
kwTKk6u30x4,C√≥mo meditar con mindfulness | La mejor explicaci√≥n para principiantes,Mindful Science,UCvZKEunQgNxg6iJh62YGcdQ,1420000,2462148,157120,2963,https://i.ytimg.com/vi/kwTKk6u30x4/default.jpg
DekfS5KHsvc,Meditaci√≥n Guiada üßòüèª‚Äç‚ôÄÔ∏è de la Monta√±a  ‚õ∞ Elsa Punset,Elsa Punset,UCBFxE8PWFM58J57sJXaFZJQ,260000,112459,2648,82,https://i.ytimg.com/vi/DekfS5KHsvc/default.jpg
FVU8a9MGnlI,Meditaci√≥n Guiada para Dormir y Descansar Profundamente,Meditaci√≥n3,UCmuESTgut4_eKeWtCpV4Ppw,1360000,882180,15132,424,https://i.ytimg.com/vi/FVU8a9MGnlI/default.jpg
BTXcdQlXRJY,La meditaci√≥n guiada PERFECTA para terminar el d√≠a | Mindful Science,Mindful Science,UCvZKEunQgNxg6iJh62YGcdQ,1420000,1546224,35987,921,https://i.ytimg.com/vi/BTXcdQlXRJY/default.jpg
zbCKbPlLzyc,"Meditaci√≥n para Dolores: Espalda, Fibromialgia, Cabeza... Relajaci√≥n y Distanciamiento",Meditaci√≥n3,UCmuESTgut4_eKeWtCpV4Ppw,1360000,1032387,23917,1094,https://i.ytimg.com/vi/zbCKbPlLzyc/default.jpg
yudCoXjIOiA,Estupenda Meditaci√≥n Guiada para Dormir y Descansar Profundamente,Meditaci√≥n3,UCmuESTgut4_eKeWtCpV4Ppw,1360000,1283107,16152,351,https://i.ytimg.com/vi/yudCoXjIOiA/default.jpg
fTbM-PySQ_E,"Mindfulness para la Ansiedad: üå∑ Meditaci√≥n Guiada para Nervios, Estr√©s o P√°nico",Meditaci√≥n3,UCmuESTgut4_eKeWtCpV4Ppw,1360000,2587228,51573,2261,https://i.ytimg.com/vi/fTbM-PySQ_E/default.jpg
eVjnAlD4wwQ,10 MINUTOS DE MEDITACI√ìN PARA LA ANSIEDAD - CALMA TU MENTE,Pau's Secrets,UCXob1p_5b9G8Qe9RVc3PdZg,44300,885561,19633,829,https://i.ytimg.com/vi/eVjnAlD4wwQ/default.jpg
LYoU1TSXH5M,Relajaci√≥n Meditaci√≥n Guiada Mindfulness para Dormir Profundamente,Meditaci√≥n3,UCmuESTgut4_eKeWtCpV4Ppw,1360000,526640,7261,126,https://i.ytimg.com/vi/LYoU1TSXH5M/default.jpg
lh4JdZTJe7k,"12 Hours of Relaxing Sleep Music for Stress Relief, Sleeping & Meditation (Flying)",Soothing Relaxation,UCjzHeG1KWoonmf9d5KBvSiw,11400000,46950725,190912,12943,https://i.ytimg.com/vi/lh4JdZTJe7k/default.jpg
IlCOXwyE_AQ,"Meditaci√≥n Guiada de Sanaci√≥n: Mindfulness Auto-Sanaci√≥n CUERPO, MENTE Y ALMA",Meditaci√≥n3,UCmuESTgut4_eKeWtCpV4Ppw,1360000,2281302,47051,1417,https://i.ytimg.com/vi/IlCOXwyE_AQ/default.jpg
htjHvGk8PLA,Meditaci√≥n Guiada para la Salud,Meditaci√≥n3,UCmuESTgut4_eKeWtCpV4Ppw,1360000,2179772,33752,1588,https://i.ytimg.com/vi/htjHvGk8PLA/default.jpg
VTMLLUwE5X4,üåπ Meditaci√≥n de la Ma√±ana para Atraer Alegr√≠a y Felicidad Durante el D√≠a,Meditaci√≥n3,UCmuESTgut4_eKeWtCpV4Ppw,1360000,1196149,40844,1574,https://i.ytimg.com/vi/VTMLLUwE5X4/default.jpg
8gtAlXLpC7I,C√≠rculo de Protecci√≥n del Arc√°ngel Miguel - Meditaci√≥n,Maestr√≠a del Ser - Edgar y Alma,UC1eL5zn0jt0sRZwdIjanw1w,40900,551757,15666,929,https://i.ytimg.com/vi/8gtAlXLpC7I/default.jpg
ClYhlvGiaG8,"Meditaci√≥n guiada  ""Encuentro con tu propia Sabidur√≠a""",Fundaci√≥n Sophia,UCypSNR2tnGYykTs4-9X9Z-Q,81700,118355,2903,114,https://i.ytimg.com/vi/ClYhlvGiaG8/default.jpg
DI8EJ19T90U,Meditaci√≥n Guiada: Superar Dificultades,Meditaci√≥n3,UCmuESTgut4_eKeWtCpV4Ppw,1360000,206612,6339,329,https://i.ytimg.com/vi/DI8EJ19T90U/default.jpg
6E9EcD148tQ,Meditaci√≥n Guiada - Paz | Yoga con Baruc,Yoga con Baruc,UCfYqPsgBD_xmxmcN5foRjhA,139000,6924,390,34,https://i.ytimg.com/vi/6E9EcD148tQ/default.jpg
D-Qoa8xUEgs,üò¥ RELAJACI√ìN GUIADA Meditaci√≥n para DORMIR... Super-efectiva!!,Meditaci√≥n3,UCmuESTgut4_eKeWtCpV4Ppw,1360000,2574194,27101,508,https://i.ytimg.com/vi/D-Qoa8xUEgs/default.jpg
AZS2niGiNjM,üßò‚Äç‚ôÄÔ∏è MEDITACI√ìN VS MINDFULNESS üßò‚Äç‚ôÇÔ∏è DIFERENCIA ENTRE MEDITACI√ìN Y MINDFULNESS,Miguel Camarena Salud,UCkU1UYWL9eRJBNdM1-u_nFA,178000,11008,465,28,https://i.ytimg.com/vi/AZS2niGiNjM/default.jpg
AwbRERIzt6c,Sunday Scaries | Walking Meditation,Headspace,UC3JhfsgFPLSLNEROQCdj-GQ,740000,122088,1637,41,https://i.ytimg.com/vi/AwbRERIzt6c/default.jpg
H-Wrcc9N2So,Mindfulness Meditaci√≥n Guiada: Respiraci√≥n y Bodyscan 25 minutos,Meditaci√≥n3,UCmuESTgut4_eKeWtCpV4Ppw,1360000,1037162,20879,571,https://i.ytimg.com/vi/H-Wrcc9N2So/default.jpg
IGw8JuAv9MM,MeditacioÃÅn guiada para conectar con la EnergiÃÅa femenina,Gabriela Litschi,UCJ80RT5ob5mSJT8KRwqGW4g,394000,219574,5891,151,https://i.ytimg.com/vi/IGw8JuAv9MM/default.jpg
S1QXDE7DnYc,Meditaci√≥n Cuarto Chakra,Meditaci√≥n3,UCmuESTgut4_eKeWtCpV4Ppw,1360000,363865,9783,429,https://i.ytimg.com/vi/S1QXDE7DnYc/default.jpg
bQ-_RElqzck,El desapego del conflicto | Meditaci√≥n | Arturveda,Arturveda meditaci√≥n,UC7YohTzpOPHZ5stzu7Xd43A,31700,10433,797,101,https://i.ytimg.com/vi/bQ-_RElqzck/default.jpg
QwhgCvJqkD0,Importancia de la meditaci√≥n/ Pablo G√≥mez psiquiatra,Pablo G√≥mez Psiquiatra,UCdwxjEwpKg26GJv299bxzow,855000,44390,3243,159,https://i.ytimg.com/vi/QwhgCvJqkD0/default.jpg
XcRYEFVV__A,meditacioÃÅn para ninÃÉos,Martha de Llano,UClF9EKCWGg54bIDbK5zxZsw,3210,366548,4113,0,https://i.ytimg.com/vi/XcRYEFVV__A/default.jpg
sG7DBA-mgFY,10-Minute Meditation to Reframe Stress,Headspace,UC3JhfsgFPLSLNEROQCdj-GQ,740000,1987872,21212,371,https://i.ytimg.com/vi/sG7DBA-mgFY/default.jpg
QKgJ83L5e0Y,MeditacioÃÅn y relajacioÃÅn con Petit BamBou,Xuan Lan Yoga,UCKQgiVPqEPU0tImAjFG5lNA,2020000,192944,4736,94,https://i.ytimg.com/vi/QKgJ83L5e0Y/default.jpg
V68MV5W1wxE,Ana Becoaj - Meditaci√≥n Kabalista 5780,Ahavah Ben Shabat,UCxIXrqn8umEyLW7vPVhmpRA,76900,84385,0,0,https://i.ytimg.com/vi/V68MV5W1wxE/default.jpg
sdDJLkjJfks,Meditaci√≥n Guiada 10 Minutos SUPER-EFECTIVA!!,Meditaci√≥n3,UCmuESTgut4_eKeWtCpV4Ppw,1360000,812211,15984,457,https://i.ytimg.com/vi/sdDJLkjJfks/default.jpg
ay8B9hOt8_o,Ejercicio de Meditaci√≥n para Manejar la Ansiedad - Maytte,Maytte Sepulveda,UCjd1IqMxEJVhI0yfEVvXumQ,102000,39691,1351,77,https://i.ytimg.com/vi/ay8B9hOt8_o/default.jpg
NNOOOOYUNXM,MEDITACION GUIADA DE 10 MINUTOS | ARMONIZA TU DIA | MEDITACI√ìN DESPERTAR | SER FELIZ HOY | ‚ù§EASY ZEN,Easy Zen,UC2Z5BQhJWVgLX71_frN4oTA,1420000,1736801,36414,656,https://i.ytimg.com/vi/NNOOOOYUNXM/default.jpg
JXtKvwPxHf8,"Meditaci√≥n del Salmo 69, 20 de Marzo del 2020, realizado por la hermana Mar√≠a Luisa Piraquive...",Mar√≠a Luisa Piraquive,UCo1s1oPdvveXEthBFfIpRzA,375000,1192924,0,0,https://i.ytimg.com/vi/JXtKvwPxHf8/default.jpg
kyTQqacjltU,"Meditaci√≥n  ""El lago en calma""",Fundaci√≥n Sophia,UCypSNR2tnGYykTs4-9X9Z-Q,81700,174812,3730,242,https://i.ytimg.com/vi/kyTQqacjltU/default.jpg
K7n8rTXZuqw,Ense√±anza y Meditaci√≥n Guiada - Claudio Naranjo,Fundaci√≥n Claudio Naranjo,UCkscV51li_H7RrOl471SvmA,45800,172585,4436,180,https://i.ytimg.com/vi/K7n8rTXZuqw/default.jpg
ptUqd3XgA0g,MINDFULNESS. MEDITACIOÃÅN DE LA FELICIDAD,Fundaci√≥n Sophia,UCypSNR2tnGYykTs4-9X9Z-Q,81700,317760,6831,188,https://i.ytimg.com/vi/ptUqd3XgA0g/default.jpg
5blG9lRgJy8,Suelta las preocupaciones y recupera la serenidad (meditaci√≥n corta guiada  - recupera tu paz),Simplemente Diosas,UC9FmTrJ4HD_mZWjZQmOfaOg,467000,13103,485,48,https://i.ytimg.com/vi/5blG9lRgJy8/default.jpg
n3tjAMHy2l4,MEDITACI√ìN GUIADA: SANA TU MENTE - SANA TU CUERPO (MUY EFECTIVA),Andr√©s Rada - Psic√≥logo,UCbmUg-z6ko192cIwteFIdmw,71400,1674032,28701,3823,https://i.ytimg.com/vi/n3tjAMHy2l4/default.jpg
AciErpZDLzA,Que no te gobierne el miedo | Meditaci√≥n para transformar el miedo,Ana Mar Orihuela,UCxZME8AJPhXr2puZFavq1Lw,81200,15678,608,28,https://i.ytimg.com/vi/AciErpZDLzA/default.jpg
ua6mkxO9GxQ,MEDITACI√ìN guiada Reducir el estr√©s y Calmar la mente üôè 12 minutos @GabrielaLitschi,Gabriela Litschi,UCJ80RT5ob5mSJT8KRwqGW4g,394000,3372108,55795,2711,https://i.ytimg.com/vi/ua6mkxO9GxQ/default.jpg
3mFVCX2wmqw,MEDITACI√ìN de la GRATITUD | El poder de agradecer,Mindful Science,UCvZKEunQgNxg6iJh62YGcdQ,1420000,3401879,78340,2283,https://i.ytimg.com/vi/3mFVCX2wmqw/default.jpg
NuRFBCoq_0Y,"Meditaci√≥n para Dormir: Ley de la Atracci√≥n, abundancia y Prosperidad",Meditaci√≥n3,UCmuESTgut4_eKeWtCpV4Ppw,1360000,15336679,175030,4132,https://i.ytimg.com/vi/NuRFBCoq_0Y/default.jpg
2fY88hHQj5s,Meditaci√≥n Guiada por Lama Rinchen Gyaltsen | Calma mental,Paramita,UC9uMYCMlq9sEFLHO6r0awXA,545000,936351,14089,368,https://i.ytimg.com/vi/2fY88hHQj5s/default.jpg
RsZlNbJ2q4s,"(Audio) Meditaci√≥n ‚Äì Juan cap√≠tulo 4, Hna Mar√≠a Luisa Piraquive, 27 marzo 2020",Iglesia de Dios Ministerial de Jesucristo Internacional,UCUjJIBhmuntlbobKGgDcxAA,829000,529777,0,0,https://i.ytimg.com/vi/RsZlNbJ2q4s/default.jpg
uueyaAB5ZtE,"(Audio) Meditaci√≥n ‚Äì La deidad de nuestro Se√±or Jesucristo, Hna. Mar√≠a Luisa Piraquive 24 marzo 2020",Iglesia de Dios Ministerial de Jesucristo Internacional,UCUjJIBhmuntlbobKGgDcxAA,829000,384061,0,0,https://i.ytimg.com/vi/uueyaAB5ZtE/default.jpg
oszhW4gaI7k,Contacta con tu Gu√≠a Espiritual/Yo Superior/Voz Interior: Meditaci√≥n Guiada,Meditaci√≥n3,UCmuESTgut4_eKeWtCpV4Ppw,1360000,5297474,112207,4870,https://i.ytimg.com/vi/oszhW4gaI7k/default.jpg
2XuoymyjCdw,Meditaci√≥n Guiada para Dormir: Meditar en la Gratitud,Meditaci√≥n3,UCmuESTgut4_eKeWtCpV4Ppw,1360000,1059799,20437,548,https://i.ytimg.com/vi/2XuoymyjCdw/default.jpg
U2dnwLuHE6w,üå∑ Mindfulness MEDITACI√ìN de la MA√ëANA 5 minutos: Necesaria!!!,Meditaci√≥n3,UCmuESTgut4_eKeWtCpV4Ppw,1360000,5336296,115739,2311,https://i.ytimg.com/vi/U2dnwLuHE6w/default.jpg
rFLXCWOjb_Y,Mindfulness MEDITACI√ìN de la MA√ëANA 15 minutos,Meditaci√≥n3,UCmuESTgut4_eKeWtCpV4Ppw,1360000,8572882,141243,3754,https://i.ytimg.com/vi/rFLXCWOjb_Y/default.jpg
sEZnrnE_6ls,"MEDITACI√ìN de la ma√±ana  | Comienza el d√≠a con energ√≠a, optimismo y conciencia",Mindful Science,UCvZKEunQgNxg6iJh62YGcdQ,1420000,2259098,50046,1142,https://i.ytimg.com/vi/sEZnrnE_6ls/default.jpg
DekfS5KHsvc,Meditaci√≥n Guiada üßòüèª‚Äç‚ôÄÔ∏è de la Monta√±a  ‚õ∞ Elsa Punset,Elsa Punset,UCBFxE8PWFM58J57sJXaFZJQ,260000,112459,2648,82,https://i.ytimg.com/vi/DekfS5KHsvc/default.jpg
kwTKk6u30x4,C√≥mo meditar con mindfulness | La mejor explicaci√≥n para principiantes,Mindful Science,UCvZKEunQgNxg6iJh62YGcdQ,1420000,2462148,157120,2963,https://i.ytimg.com/vi/kwTKk6u30x4/default.jpg
BTXcdQlXRJY,La meditaci√≥n guiada PERFECTA para terminar el d√≠a | Mindful Science,Mindful Science,UCvZKEunQgNxg6iJh62YGcdQ,1420000,1546224,35987,921,https://i.ytimg.com/vi/BTXcdQlXRJY/default.jpg
FVU8a9MGnlI,Meditaci√≥n Guiada para Dormir y Descansar Profundamente,Meditaci√≥n3,UCmuESTgut4_eKeWtCpV4Ppw,1360000,882180,15132,424,https://i.ytimg.com/vi/FVU8a9MGnlI/default.jpg
zbCKbPlLzyc,"Meditaci√≥n para Dolores: Espalda, Fibromialgia, Cabeza... Relajaci√≥n y Distanciamiento",Meditaci√≥n3,UCmuESTgut4_eKeWtCpV4Ppw,1360000,1032387,23917,1094,https://i.ytimg.com/vi/zbCKbPlLzyc/default.jpg
yudCoXjIOiA,Estupenda Meditaci√≥n Guiada para Dormir y Descansar Profundamente,Meditaci√≥n3,UCmuESTgut4_eKeWtCpV4Ppw,1360000,1283107,16152,351,https://i.ytimg.com/vi/yudCoXjIOiA/default.jpg
eVjnAlD4wwQ,10 MINUTOS DE MEDITACI√ìN PARA LA ANSIEDAD - CALMA TU MENTE,Pau's Secrets,UCXob1p_5b9G8Qe9RVc3PdZg,44300,885561,19633,829,https://i.ytimg.com/vi/eVjnAlD4wwQ/default.jpg
IlCOXwyE_AQ,"Meditaci√≥n Guiada de Sanaci√≥n: Mindfulness Auto-Sanaci√≥n CUERPO, MENTE Y ALMA",Meditaci√≥n3,UCmuESTgut4_eKeWtCpV4Ppw,1360000,2281302,47051,1417,https://i.ytimg.com/vi/IlCOXwyE_AQ/default.jpg
LYoU1TSXH5M,Relajaci√≥n Meditaci√≥n Guiada Mindfulness para Dormir Profundamente,Meditaci√≥n3,UCmuESTgut4_eKeWtCpV4Ppw,1360000,526640,7261,126,https://i.ytimg.com/vi/LYoU1TSXH5M/default.jpg
htjHvGk8PLA,Meditaci√≥n Guiada para la Salud,Meditaci√≥n3,UCmuESTgut4_eKeWtCpV4Ppw,1360000,2179772,33752,1588,https://i.ytimg.com/vi/htjHvGk8PLA/default.jpg
fTbM-PySQ_E,"Mindfulness para la Ansiedad: üå∑ Meditaci√≥n Guiada para Nervios, Estr√©s o P√°nico",Meditaci√≥n3,UCmuESTgut4_eKeWtCpV4Ppw,1360000,2587228,51573,2261,https://i.ytimg.com/vi/fTbM-PySQ_E/default.jpg
DI8EJ19T90U,Meditaci√≥n Guiada: Superar Dificultades,Meditaci√≥n3,UCmuESTgut4_eKeWtCpV4Ppw,1360000,206612,6339,329,https://i.ytimg.com/vi/DI8EJ19T90U/default.jpg
VTMLLUwE5X4,üåπ Meditaci√≥n de la Ma√±ana para Atraer Alegr√≠a y Felicidad Durante el D√≠a,Meditaci√≥n3,UCmuESTgut4_eKeWtCpV4Ppw,1360000,1196149,40844,1574,https://i.ytimg.com/vi/VTMLLUwE5X4/default.jpg
6E9EcD148tQ,Meditaci√≥n Guiada - Paz | Yoga con Baruc,Yoga con Baruc,UCfYqPsgBD_xmxmcN5foRjhA,139000,6924,390,34,https://i.ytimg.com/vi/6E9EcD148tQ/default.jpg
lh4JdZTJe7k,"12 Hours of Relaxing Sleep Music for Stress Relief, Sleeping & Meditation (Flying)",Soothing Relaxation,UCjzHeG1KWoonmf9d5KBvSiw,11400000,46950725,190912,12943,https://i.ytimg.com/vi/lh4JdZTJe7k/default.jpg
AwbRERIzt6c,Sunday Scaries | Walking Meditation,Headspace,UC3JhfsgFPLSLNEROQCdj-GQ,740000,122088,1637,41,https://i.ytimg.com/vi/AwbRERIzt6c/default.jpg
AZS2niGiNjM,üßò‚Äç‚ôÄÔ∏è MEDITACI√ìN VS MINDFULNESS üßò‚Äç‚ôÇÔ∏è DIFERENCIA ENTRE MEDITACI√ìN Y MINDFULNESS,Miguel Camarena Salud,UCkU1UYWL9eRJBNdM1-u_nFA,178000,11008,465,28,https://i.ytimg.com/vi/AZS2niGiNjM/default.jpg
D-Qoa8xUEgs,üò¥ RELAJACI√ìN GUIADA Meditaci√≥n para DORMIR... Super-efectiva!!,Meditaci√≥n3,UCmuESTgut4_eKeWtCpV4Ppw,1360000,2574194,27101,508,https://i.ytimg.com/vi/D-Qoa8xUEgs/default.jpg
H-Wrcc9N2So,Mindfulness Meditaci√≥n Guiada: Respiraci√≥n y Bodyscan 25 minutos,Meditaci√≥n3,UCmuESTgut4_eKeWtCpV4Ppw,1360000,1037162,20879,571,https://i.ytimg.com/vi/H-Wrcc9N2So/default.jpg
ClYhlvGiaG8,"Meditaci√≥n guiada  ""Encuentro con tu propia Sabidur√≠a""",Fundaci√≥n Sophia,UCypSNR2tnGYykTs4-9X9Z-Q,81700,118355,2903,114,https://i.ytimg.com/vi/ClYhlvGiaG8/default.jpg
8gtAlXLpC7I,C√≠rculo de Protecci√≥n del Arc√°ngel Miguel - Meditaci√≥n,Maestr√≠a del Ser - Edgar y Alma,UC1eL5zn0jt0sRZwdIjanw1w,40900,551757,15666,929,https://i.ytimg.com/vi/8gtAlXLpC7I/default.jpg
IGw8JuAv9MM,MeditacioÃÅn guiada para conectar con la EnergiÃÅa femenina,Gabriela Litschi,UCJ80RT5ob5mSJT8KRwqGW4g,394000,219574,5891,151,https://i.ytimg.com/vi/IGw8JuAv9MM/default.jpg
S1QXDE7DnYc,Meditaci√≥n Cuarto Chakra,Meditaci√≥n3,UCmuESTgut4_eKeWtCpV4Ppw,1360000,363865,9783,429,https://i.ytimg.com/vi/S1QXDE7DnYc/default.jpg
ay8B9hOt8_o,Ejercicio de Meditaci√≥n para Manejar la Ansiedad - Maytte,Maytte Sepulveda,UCjd1IqMxEJVhI0yfEVvXumQ,102000,39691,1351,77,https://i.ytimg.com/vi/ay8B9hOt8_o/default.jpg
bQ-_RElqzck,El desapego del conflicto | Meditaci√≥n | Arturveda,Arturveda meditaci√≥n,UC7YohTzpOPHZ5stzu7Xd43A,31700,10433,797,101,https://i.ytimg.com/vi/bQ-_RElqzck/default.jpg
QwhgCvJqkD0,Importancia de la meditaci√≥n/ Pablo G√≥mez psiquiatra,Pablo G√≥mez Psiquiatra,UCdwxjEwpKg26GJv299bxzow,855000,44390,3243,159,https://i.ytimg.com/vi/QwhgCvJqkD0/default.jpg
QKgJ83L5e0Y,MeditacioÃÅn y relajacioÃÅn con Petit BamBou,Xuan Lan Yoga,UCKQgiVPqEPU0tImAjFG5lNA,2020000,192944,4736,94,https://i.ytimg.com/vi/QKgJ83L5e0Y/default.jpg
sG7DBA-mgFY,10-Minute Meditation to Reframe Stress,Headspace,UC3JhfsgFPLSLNEROQCdj-GQ,740000,1987872,21212,371,https://i.ytimg.com/vi/sG7DBA-mgFY/default.jpg
V68MV5W1wxE,Ana Becoaj - Meditaci√≥n Kabalista 5780,Ahavah Ben Shabat,UCxIXrqn8umEyLW7vPVhmpRA,76900,84385,0,0,https://i.ytimg.com/vi/V68MV5W1wxE/default.jpg
NNOOOOYUNXM,MEDITACION GUIADA DE 10 MINUTOS | ARMONIZA TU DIA | MEDITACI√ìN DESPERTAR | SER FELIZ HOY | ‚ù§EASY ZEN,Easy Zen,UC2Z5BQhJWVgLX71_frN4oTA,1420000,1736801,36414,656,https://i.ytimg.com/vi/NNOOOOYUNXM/default.jpg
K7n8rTXZuqw,Ense√±anza y Meditaci√≥n Guiada - Claudio Naranjo,Fundaci√≥n Claudio Naranjo,UCkscV51li_H7RrOl471SvmA,45800,172585,4436,180,https://i.ytimg.com/vi/K7n8rTXZuqw/default.jpg
XcRYEFVV__A,meditacioÃÅn para ninÃÉos,Martha de Llano,UClF9EKCWGg54bIDbK5zxZsw,3210,366548,4113,0,https://i.ytimg.com/vi/XcRYEFVV__A/default.jpg
kyTQqacjltU,"Meditaci√≥n  ""El lago en calma""",Fundaci√≥n Sophia,UCypSNR2tnGYykTs4-9X9Z-Q,81700,174812,3730,242,https://i.ytimg.com/vi/kyTQqacjltU/default.jpg
sdDJLkjJfks,Meditaci√≥n Guiada 10 Minutos SUPER-EFECTIVA!!,Meditaci√≥n3,UCmuESTgut4_eKeWtCpV4Ppw,1360000,812211,15984,457,https://i.ytimg.com/vi/sdDJLkjJfks/default.jpg
JXtKvwPxHf8,"Meditaci√≥n del Salmo 69, 20 de Marzo del 2020, realizado por la hermana Mar√≠a Luisa Piraquive...",Mar√≠a Luisa Piraquive,UCo1s1oPdvveXEthBFfIpRzA,375000,1192924,0,0,https://i.ytimg.com/vi/JXtKvwPxHf8/default.jpg
5blG9lRgJy8,Suelta las preocupaciones y recupera la serenidad (meditaci√≥n corta guiada  - recupera tu paz),Simplemente Diosas,UC9FmTrJ4HD_mZWjZQmOfaOg,467000,13103,485,48,https://i.ytimg.com/vi/5blG9lRgJy8/default.jpg
ptUqd3XgA0g,MINDFULNESS. MEDITACIOÃÅN DE LA FELICIDAD,Fundaci√≥n Sophia,UCypSNR2tnGYykTs4-9X9Z-Q,81700,317760,6831,188,https://i.ytimg.com/vi/ptUqd3XgA0g/default.jpg
n3tjAMHy2l4,MEDITACI√ìN GUIADA: SANA TU MENTE - SANA TU CUERPO (MUY EFECTIVA),Andr√©s Rada - Psic√≥logo,UCbmUg-z6ko192cIwteFIdmw,71400,1674032,28701,3823,https://i.ytimg.com/vi/n3tjAMHy2l4/default.jpg
AciErpZDLzA,Que no te gobierne el miedo | Meditaci√≥n para transformar el miedo,Ana Mar Orihuela,UCxZME8AJPhXr2puZFavq1Lw,81200,15678,608,28,https://i.ytimg.com/vi/AciErpZDLzA/default.jpg
ua6mkxO9GxQ,MEDITACI√ìN guiada Reducir el estr√©s y Calmar la mente üôè 12 minutos @GabrielaLitschi,Gabriela Litschi,UCJ80RT5ob5mSJT8KRwqGW4g,394000,3372108,55795,2711,https://i.ytimg.com/vi/ua6mkxO9GxQ/default.jpg
3mFVCX2wmqw,MEDITACI√ìN de la GRATITUD | El poder de agradecer,Mindful Science,UCvZKEunQgNxg6iJh62YGcdQ,1420000,3401879,78340,2283,https://i.ytimg.com/vi/3mFVCX2wmqw/default.jpg
NuRFBCoq_0Y,"Meditaci√≥n para Dormir: Ley de la Atracci√≥n, abundancia y Prosperidad",Meditaci√≥n3,UCmuESTgut4_eKeWtCpV4Ppw,1360000,15336679,175030,4132,https://i.ytimg.com/vi/NuRFBCoq_0Y/default.jpg
2fY88hHQj5s,Meditaci√≥n Guiada por Lama Rinchen Gyaltsen | Calma mental,Paramita,UC9uMYCMlq9sEFLHO6r0awXA,545000,936351,14089,368,https://i.ytimg.com/vi/2fY88hHQj5s/default.jpg
RsZlNbJ2q4s,"(Audio) Meditaci√≥n ‚Äì Juan cap√≠tulo 4, Hna Mar√≠a Luisa Piraquive, 27 marzo 2020",Iglesia de Dios Ministerial de Jesucristo Internacional,UCUjJIBhmuntlbobKGgDcxAA,829000,529777,0,0,https://i.ytimg.com/vi/RsZlNbJ2q4s/default.jpg
uueyaAB5ZtE,"(Audio) Meditaci√≥n ‚Äì La deidad de nuestro Se√±or Jesucristo, Hna. Mar√≠a Luisa Piraquive 24 marzo 2020",Iglesia de Dios Ministerial de Jesucristo Internacional,UCUjJIBhmuntlbobKGgDcxAA,829000,384061,0,0,https://i.ytimg.com/vi/uueyaAB5ZtE/default.jpg
oszhW4gaI7k,Contacta con tu Gu√≠a Espiritual/Yo Superior/Voz Interior: Meditaci√≥n Guiada,Meditaci√≥n3,UCmuESTgut4_eKeWtCpV4Ppw,1360000,5297474,112207,4870,https://i.ytimg.com/vi/oszhW4gaI7k/default.jpg
rFLXCWOjb_Y,Mindfulness MEDITACI√ìN de la MA√ëANA 15 minutos,Meditaci√≥n3,UCmuESTgut4_eKeWtCpV4Ppw,1360000,8572882,141243,3754,https://i.ytimg.com/vi/rFLXCWOjb_Y/default.jpg
U2dnwLuHE6w,üå∑ Mindfulness MEDITACI√ìN de la MA√ëANA 5 minutos: Necesaria!!!,Meditaci√≥n3,UCmuESTgut4_eKeWtCpV4Ppw,1360000,5336296,115739,2311,https://i.ytimg.com/vi/U2dnwLuHE6w/default.jpg
sEZnrnE_6ls,"MEDITACI√ìN de la ma√±ana  | Comienza el d√≠a con energ√≠a, optimismo y conciencia",Mindful Science,UCvZKEunQgNxg6iJh62YGcdQ,1420000,2259098,50046,1142,https://i.ytimg.com/vi/sEZnrnE_6ls/default.jpg
2XuoymyjCdw,Meditaci√≥n Guiada para Dormir: Meditar en la Gratitud,Meditaci√≥n3,UCmuESTgut4_eKeWtCpV4Ppw,1360000,1059799,20437,548,https://i.ytimg.com/vi/2XuoymyjCdw/default.jpg
kwTKk6u30x4,C√≥mo meditar con mindfulness | La mejor explicaci√≥n para principiantes,Mindful Science,UCvZKEunQgNxg6iJh62YGcdQ,1420000,2462148,157120,2963,https://i.ytimg.com/vi/kwTKk6u30x4/default.jpg
DekfS5KHsvc,Meditaci√≥n Guiada üßòüèª‚Äç‚ôÄÔ∏è de la Monta√±a  ‚õ∞ Elsa Punset,Elsa Punset,UCBFxE8PWFM58J57sJXaFZJQ,260000,112459,2648,82,https://i.ytimg.com/vi/DekfS5KHsvc/default.jpg
FVU8a9MGnlI,Meditaci√≥n Guiada para Dormir y Descansar Profundamente,Meditaci√≥n3,UCmuESTgut4_eKeWtCpV4Ppw,1360000,882180,15132,424,https://i.ytimg.com/vi/FVU8a9MGnlI/default.jpg
BTXcdQlXRJY,La meditaci√≥n guiada PERFECTA para terminar el d√≠a | Mindful Science,Mindful Science,UCvZKEunQgNxg6iJh62YGcdQ,1420000,1546224,35987,921,https://i.ytimg.com/vi/BTXcdQlXRJY/default.jpg
zbCKbPlLzyc,"Meditaci√≥n para Dolores: Espalda, Fibromialgia, Cabeza... Relajaci√≥n y Distanciamiento",Meditaci√≥n3,UCmuESTgut4_eKeWtCpV4Ppw,1360000,1032387,23917,1094,https://i.ytimg.com/vi/zbCKbPlLzyc/default.jpg
yudCoXjIOiA,Estupenda Meditaci√≥n Guiada para Dormir y Descansar Profundamente,Meditaci√≥n3,UCmuESTgut4_eKeWtCpV4Ppw,1360000,1283107,16152,351,https://i.ytimg.com/vi/yudCoXjIOiA/default.jpg
fTbM-PySQ_E,"Mindfulness para la Ansiedad: üå∑ Meditaci√≥n Guiada para Nervios, Estr√©s o P√°nico",Meditaci√≥n3,UCmuESTgut4_eKeWtCpV4Ppw,1360000,2587228,51573,2261,https://i.ytimg.com/vi/fTbM-PySQ_E/default.jpg
eVjnAlD4wwQ,10 MINUTOS DE MEDITACI√ìN PARA LA ANSIEDAD - CALMA TU MENTE,Pau's Secrets,UCXob1p_5b9G8Qe9RVc3PdZg,44300,885561,19633,829,https://i.ytimg.com/vi/eVjnAlD4wwQ/default.jpg
LYoU1TSXH5M,Relajaci√≥n Meditaci√≥n Guiada Mindfulness para Dormir Profundamente,Meditaci√≥n3,UCmuESTgut4_eKeWtCpV4Ppw,1360000,526640,7261,126,https://i.ytimg.com/vi/LYoU1TSXH5M/default.jpg
lh4JdZTJe7k,"12 Hours of Relaxing Sleep Music for Stress Relief, Sleeping & Meditation (Flying)",Soothing Relaxation,UCjzHeG1KWoonmf9d5KBvSiw,11400000,46950725,190912,12943,https://i.ytimg.com/vi/lh4JdZTJe7k/default.jpg
IlCOXwyE_AQ,"Meditaci√≥n Guiada de Sanaci√≥n: Mindfulness Auto-Sanaci√≥n CUERPO, MENTE Y ALMA",Meditaci√≥n3,UCmuESTgut4_eKeWtCpV4Ppw,1360000,2281302,47051,1417,https://i.ytimg.com/vi/IlCOXwyE_AQ/default.jpg
htjHvGk8PLA,Meditaci√≥n Guiada para la Salud,Meditaci√≥n3,UCmuESTgut4_eKeWtCpV4Ppw,1360000,2179772,33752,1588,https://i.ytimg.com/vi/htjHvGk8PLA/default.jpg
VTMLLUwE5X4,üåπ Meditaci√≥n de la Ma√±ana para Atraer Alegr√≠a y Felicidad Durante el D√≠a,Meditaci√≥n3,UCmuESTgut4_eKeWtCpV4Ppw,1360000,1196149,40844,1574,https://i.ytimg.com/vi/VTMLLUwE5X4/default.jpg
8gtAlXLpC7I,C√≠rculo de Protecci√≥n del Arc√°ngel Miguel - Meditaci√≥n,Maestr√≠a del Ser - Edgar y Alma,UC1eL5zn0jt0sRZwdIjanw1w,40900,551757,15666,929,https://i.ytimg.com/vi/8gtAlXLpC7I/default.jpg
ClYhlvGiaG8,"Meditaci√≥n guiada  ""Encuentro con tu propia Sabidur√≠a""",Fundaci√≥n Sophia,UCypSNR2tnGYykTs4-9X9Z-Q,81700,118355,2903,114,https://i.ytimg.com/vi/ClYhlvGiaG8/default.jpg
DI8EJ19T90U,Meditaci√≥n Guiada: Superar Dificultades,Meditaci√≥n3,UCmuESTgut4_eKeWtCpV4Ppw,1360000,206612,6339,329,https://i.ytimg.com/vi/DI8EJ19T90U/default.jpg
6E9EcD148tQ,Meditaci√≥n Guiada - Paz | Yoga con Baruc,Yoga con Baruc,UCfYqPsgBD_xmxmcN5foRjhA,139000,6924,390,34,https://i.ytimg.com/vi/6E9EcD148tQ/default.jpg
D-Qoa8xUEgs,üò¥ RELAJACI√ìN GUIADA Meditaci√≥n para DORMIR... Super-efectiva!!,Meditaci√≥n3,UCmuESTgut4_eKeWtCpV4Ppw,1360000,2574194,27101,508,https://i.ytimg.com/vi/D-Qoa8xUEgs/default.jpg
AZS2niGiNjM,üßò‚Äç‚ôÄÔ∏è MEDITACI√ìN VS MINDFULNESS üßò‚Äç‚ôÇÔ∏è DIFERENCIA ENTRE MEDITACI√ìN Y MINDFULNESS,Miguel Camarena Salud,UCkU1UYWL9eRJBNdM1-u_nFA,178000,11008,465,28,https://i.ytimg.com/vi/AZS2niGiNjM/default.jpg
AwbRERIzt6c,Sunday Scaries | Walking Meditation,Headspace,UC3JhfsgFPLSLNEROQCdj-GQ,740000,122088,1637,41,https://i.ytimg.com/vi/AwbRERIzt6c/default.jpg
H-Wrcc9N2So,Mindfulness Meditaci√≥n Guiada: Respiraci√≥n y Bodyscan 25 minutos,Meditaci√≥n3,UCmuESTgut4_eKeWtCpV4Ppw,1360000,1037162,20879,571,https://i.ytimg.com/vi/H-Wrcc9N2So/default.jpg
IGw8JuAv9MM,MeditacioÃÅn guiada para conectar con la EnergiÃÅa femenina,Gabriela Litschi,UCJ80RT5ob5mSJT8KRwqGW4g,394000,219574,5891,151,https://i.ytimg.com/vi/IGw8JuAv9MM/default.jpg
S1QXDE7DnYc,Meditaci√≥n Cuarto Chakra,Meditaci√≥n3,UCmuESTgut4_eKeWtCpV4Ppw,1360000,363865,9783,429,https://i.ytimg.com/vi/S1QXDE7DnYc/default.jpg
bQ-_RElqzck,El desapego del conflicto | Meditaci√≥n | Arturveda,Arturveda meditaci√≥n,UC7YohTzpOPHZ5stzu7Xd43A,31700,10433,797,101,https://i.ytimg.com/vi/bQ-_RElqzck/default.jpg
QwhgCvJqkD0,Importancia de la meditaci√≥n/ Pablo G√≥mez psiquiatra,Pablo G√≥mez Psiquiatra,UCdwxjEwpKg26GJv299bxzow,855000,44390,3243,159,https://i.ytimg.com/vi/QwhgCvJqkD0/default.jpg
XcRYEFVV__A,meditacioÃÅn para ninÃÉos,Martha de Llano,UClF9EKCWGg54bIDbK5zxZsw,3210,366548,4113,0,https://i.ytimg.com/vi/XcRYEFVV__A/default.jpg
sG7DBA-mgFY,10-Minute Meditation to Reframe Stress,Headspace,UC3JhfsgFPLSLNEROQCdj-GQ,740000,1987872,21212,371,https://i.ytimg.com/vi/sG7DBA-mgFY/default.jpg
QKgJ83L5e0Y,MeditacioÃÅn y relajacioÃÅn con Petit BamBou,Xuan Lan Yoga,UCKQgiVPqEPU0tImAjFG5lNA,2020000,192944,4736,94,https://i.ytimg.com/vi/QKgJ83L5e0Y/default.jpg
V68MV5W1wxE,Ana Becoaj - Meditaci√≥n Kabalista 5780,Ahavah Ben Shabat,UCxIXrqn8umEyLW7vPVhmpRA,76900,84385,0,0,https://i.ytimg.com/vi/V68MV5W1wxE/default.jpg
sdDJLkjJfks,Meditaci√≥n Guiada 10 Minutos SUPER-EFECTIVA!!,Meditaci√≥n3,UCmuESTgut4_eKeWtCpV4Ppw,1360000,812211,15984,457,https://i.ytimg.com/vi/sdDJLkjJfks/default.jpg
ay8B9hOt8_o,Ejercicio de Meditaci√≥n para Manejar la Ansiedad - Maytte,Maytte Sepulveda,UCjd1IqMxEJVhI0yfEVvXumQ,102000,39691,1351,77,https://i.ytimg.com/vi/ay8B9hOt8_o/default.jpg
NNOOOOYUNXM,MEDITACION GUIADA DE 10 MINUTOS | ARMONIZA TU DIA | MEDITACI√ìN DESPERTAR | SER FELIZ HOY | ‚ù§EASY ZEN,Easy Zen,UC2Z5BQhJWVgLX71_frN4oTA,1420000,1736801,36414,656,https://i.ytimg.com/vi/NNOOOOYUNXM/default.jpg
JXtKvwPxHf8,"Meditaci√≥n del Salmo 69, 20 de Marzo del 2020, realizado por la hermana Mar√≠a Luisa Piraquive...",Mar√≠a Luisa Piraquive,UCo1s1oPdvveXEthBFfIpRzA,375000,1192924,0,0,https://i.ytimg.com/vi/JXtKvwPxHf8/default.jpg
kyTQqacjltU,"Meditaci√≥n  ""El lago en calma""",Fundaci√≥n Sophia,UCypSNR2tnGYykTs4-9X9Z-Q,81700,174812,3730,242,https://i.ytimg.com/vi/kyTQqacjltU/default.jpg
K7n8rTXZuqw,Ense√±anza y Meditaci√≥n Guiada - Claudio Naranjo,Fundaci√≥n Claudio Naranjo,UCkscV51li_H7RrOl471SvmA,45800,172585,4436,180,https://i.ytimg.com/vi/K7n8rTXZuqw/default.jpg
ptUqd3XgA0g,MINDFULNESS. MEDITACIOÃÅN DE LA FELICIDAD,Fundaci√≥n Sophia,UCypSNR2tnGYykTs4-9X9Z-Q,81700,317760,6831,188,https://i.ytimg.com/vi/ptUqd3XgA0g/default.jpg
5blG9lRgJy8,Suelta las preocupaciones y recupera la serenidad (meditaci√≥n corta guiada  - recupera tu paz),Simplemente Diosas,UC9FmTrJ4HD_mZWjZQmOfaOg,467000,13103,485,48,https://i.ytimg.com/vi/5blG9lRgJy8/default.jpg
n3tjAMHy2l4,MEDITACI√ìN GUIADA: SANA TU MENTE - SANA TU CUERPO (MUY EFECTIVA),Andr√©s Rada - Psic√≥logo,UCbmUg-z6ko192cIwteFIdmw,71400,1674032,28701,3823,https://i.ytimg.com/vi/n3tjAMHy2l4/default.jpg
AciErpZDLzA,Que no te gobierne el miedo | Meditaci√≥n para transformar el miedo,Ana Mar Orihuela,UCxZME8AJPhXr2puZFavq1Lw,81200,15678,608,28,https://i.ytimg.com/vi/AciErpZDLzA/default.jpg
ua6mkxO9GxQ,MEDITACI√ìN guiada Reducir el estr√©s y Calmar la mente üôè 12 minutos @GabrielaLitschi,Gabriela Litschi,UCJ80RT5ob5mSJT8KRwqGW4g,394000,3372108,55795,2711,https://i.ytimg.com/vi/ua6mkxO9GxQ/default.jpg
3mFVCX2wmqw,MEDITACI√ìN de la GRATITUD | El poder de agradecer,Mindful Science,UCvZKEunQgNxg6iJh62YGcdQ,1420000,3401879,78340,2283,https://i.ytimg.com/vi/3mFVCX2wmqw/default.jpg
NuRFBCoq_0Y,"Meditaci√≥n para Dormir: Ley de la Atracci√≥n, abundancia y Prosperidad",Meditaci√≥n3,UCmuESTgut4_eKeWtCpV4Ppw,1360000,15336679,175030,4132,https://i.ytimg.com/vi/NuRFBCoq_0Y/default.jpg
2fY88hHQj5s,Meditaci√≥n Guiada por Lama Rinchen Gyaltsen | Calma mental,Paramita,UC9uMYCMlq9sEFLHO6r0awXA,545000,936351,14089,368,https://i.ytimg.com/vi/2fY88hHQj5s/default.jpg
RsZlNbJ2q4s,"(Audio) Meditaci√≥n ‚Äì Juan cap√≠tulo 4, Hna Mar√≠a Luisa Piraquive, 27 marzo 2020",Iglesia de Dios Ministerial de Jesucristo Internacional,UCUjJIBhmuntlbobKGgDcxAA,829000,529777,0,0,https://i.ytimg.com/vi/RsZlNbJ2q4s/default.jpg
uueyaAB5ZtE,"(Audio) Meditaci√≥n ‚Äì La deidad de nuestro Se√±or Jesucristo, Hna. Mar√≠a Luisa Piraquive 24 marzo 2020",Iglesia de Dios Ministerial de Jesucristo Internacional,UCUjJIBhmuntlbobKGgDcxAA,829000,384061,0,0,https://i.ytimg.com/vi/uueyaAB5ZtE/default.jpg
oszhW4gaI7k,Contacta con tu Gu√≠a Espiritual/Yo Superior/Voz Interior: Meditaci√≥n Guiada,Meditaci√≥n3,UCmuESTgut4_eKeWtCpV4Ppw,1360000,5297474,112207,4870,https://i.ytimg.com/vi/oszhW4gaI7k/default.jpg
rFLXCWOjb_Y,Mindfulness MEDITACI√ìN de la MA√ëANA 15 minutos,Meditaci√≥n3,UCmuESTgut4_eKeWtCpV4Ppw,1360000,8572882,141243,3754,https://i.ytimg.com/vi/rFLXCWOjb_Y/default.jpg
U2dnwLuHE6w,üå∑ Mindfulness MEDITACI√ìN de la MA√ëANA 5 minutos: Necesaria!!!,Meditaci√≥n3,UCmuESTgut4_eKeWtCpV4Ppw,1360000,5336296,115739,2311,https://i.ytimg.com/vi/U2dnwLuHE6w/default.jpg
sEZnrnE_6ls,"MEDITACI√ìN de la ma√±ana  | Comienza el d√≠a con energ√≠a, optimismo y conciencia",Mindful Science,UCvZKEunQgNxg6iJh62YGcdQ,1420000,2259098,50046,1142,https://i.ytimg.com/vi/sEZnrnE_6ls/default.jpg
2XuoymyjCdw,Meditaci√≥n Guiada para Dormir: Meditar en la Gratitud,Meditaci√≥n3,UCmuESTgut4_eKeWtCpV4Ppw,1360000,1059799,20437,548,https://i.ytimg.com/vi/2XuoymyjCdw/default.jpg
kwTKk6u30x4,C√≥mo meditar con mindfulness | La mejor explicaci√≥n para principiantes,Mindful Science,UCvZKEunQgNxg6iJh62YGcdQ,1420000,2462148,157120,2963,https://i.ytimg.com/vi/kwTKk6u30x4/default.jpg
DekfS5KHsvc,Meditaci√≥n Guiada üßòüèª‚Äç‚ôÄÔ∏è de la Monta√±a  ‚õ∞ Elsa Punset,Elsa Punset,UCBFxE8PWFM58J57sJXaFZJQ,260000,112459,2648,82,https://i.ytimg.com/vi/DekfS5KHsvc/default.jpg
FVU8a9MGnlI,Meditaci√≥n Guiada para Dormir y Descansar Profundamente,Meditaci√≥n3,UCmuESTgut4_eKeWtCpV4Ppw,1360000,882180,15132,424,https://i.ytimg.com/vi/FVU8a9MGnlI/default.jpg
BTXcdQlXRJY,La meditaci√≥n guiada PERFECTA para terminar el d√≠a | Mindful Science,Mindful Science,UCvZKEunQgNxg6iJh62YGcdQ,1420000,1546224,35987,921,https://i.ytimg.com/vi/BTXcdQlXRJY/default.jpg
zbCKbPlLzyc,"Meditaci√≥n para Dolores: Espalda, Fibromialgia, Cabeza... Relajaci√≥n y Distanciamiento",Meditaci√≥n3,UCmuESTgut4_eKeWtCpV4Ppw,1360000,1032387,23917,1094,https://i.ytimg.com/vi/zbCKbPlLzyc/default.jpg
yudCoXjIOiA,Estupenda Meditaci√≥n Guiada para Dormir y Descansar Profundamente,Meditaci√≥n3,UCmuESTgut4_eKeWtCpV4Ppw,1360000,1283107,16152,351,https://i.ytimg.com/vi/yudCoXjIOiA/default.jpg
fTbM-PySQ_E,"Mindfulness para la Ansiedad: üå∑ Meditaci√≥n Guiada para Nervios, Estr√©s o P√°nico",Meditaci√≥n3,UCmuESTgut4_eKeWtCpV4Ppw,1360000,2587228,51573,2261,https://i.ytimg.com/vi/fTbM-PySQ_E/default.jpg
eVjnAlD4wwQ,10 MINUTOS DE MEDITACI√ìN PARA LA ANSIEDAD - CALMA TU MENTE,Pau's Secrets,UCXob1p_5b9G8Qe9RVc3PdZg,44300,885561,19633,829,https://i.ytimg.com/vi/eVjnAlD4wwQ/default.jpg
LYoU1TSXH5M,Relajaci√≥n Meditaci√≥n Guiada Mindfulness para Dormir Profundamente,Meditaci√≥n3,UCmuESTgut4_eKeWtCpV4Ppw,1360000,526640,7261,126,https://i.ytimg.com/vi/LYoU1TSXH5M/default.jpg
lh4JdZTJe7k,"12 Hours of Relaxing Sleep Music for Stress Relief, Sleeping & Meditation (Flying)",Soothing Relaxation,UCjzHeG1KWoonmf9d5KBvSiw,11400000,46950725,190912,12943,https://i.ytimg.com/vi/lh4JdZTJe7k/default.jpg
IlCOXwyE_AQ,"Meditaci√≥n Guiada de Sanaci√≥n: Mindfulness Auto-Sanaci√≥n CUERPO, MENTE Y ALMA",Meditaci√≥n3,UCmuESTgut4_eKeWtCpV4Ppw,1360000,2281302,47051,1417,https://i.ytimg.com/vi/IlCOXwyE_AQ/default.jpg
htjHvGk8PLA,Meditaci√≥n Guiada para la Salud,Meditaci√≥n3,UCmuESTgut4_eKeWtCpV4Ppw,1360000,2179772,33752,1588,https://i.ytimg.com/vi/htjHvGk8PLA/default.jpg
VTMLLUwE5X4,üåπ Meditaci√≥n de la Ma√±ana para Atraer Alegr√≠a y Felicidad Durante el D√≠a,Meditaci√≥n3,UCmuESTgut4_eKeWtCpV4Ppw,1360000,1196149,40844,1574,https://i.ytimg.com/vi/VTMLLUwE5X4/default.jpg
8gtAlXLpC7I,C√≠rculo de Protecci√≥n del Arc√°ngel Miguel - Meditaci√≥n,Maestr√≠a del Ser - Edgar y Alma,UC1eL5zn0jt0sRZwdIjanw1w,40900,551757,15666,929,https://i.ytimg.com/vi/8gtAlXLpC7I/default.jpg
ClYhlvGiaG8,"Meditaci√≥n guiada  ""Encuentro con tu propia Sabidur√≠a""",Fundaci√≥n Sophia,UCypSNR2tnGYykTs4-9X9Z-Q,81700,118355,2903,114,https://i.ytimg.com/vi/ClYhlvGiaG8/default.jpg
DI8EJ19T90U,Meditaci√≥n Guiada: Superar Dificultades,Meditaci√≥n3,UCmuESTgut4_eKeWtCpV4Ppw,1360000,206612,6339,329,https://i.ytimg.com/vi/DI8EJ19T90U/default.jpg
6E9EcD148tQ,Meditaci√≥n Guiada - Paz | Yoga con Baruc,Yoga con Baruc,UCfYqPsgBD_xmxmcN5foRjhA,139000,6924,390,34,https://i.ytimg.com/vi/6E9EcD148tQ/default.jpg
D-Qoa8xUEgs,üò¥ RELAJACI√ìN GUIADA Meditaci√≥n para DORMIR... Super-efectiva!!,Meditaci√≥n3,UCmuESTgut4_eKeWtCpV4Ppw,1360000,2574194,27101,508,https://i.ytimg.com/vi/D-Qoa8xUEgs/default.jpg
AZS2niGiNjM,üßò‚Äç‚ôÄÔ∏è MEDITACI√ìN VS MINDFULNESS üßò‚Äç‚ôÇÔ∏è DIFERENCIA ENTRE MEDITACI√ìN Y MINDFULNESS,Miguel Camarena Salud,UCkU1UYWL9eRJBNdM1-u_nFA,178000,11008,465,28,https://i.ytimg.com/vi/AZS2niGiNjM/default.jpg
AwbRERIzt6c,Sunday Scaries | Walking Meditation,Headspace,UC3JhfsgFPLSLNEROQCdj-GQ,740000,122088,1637,41,https://i.ytimg.com/vi/AwbRERIzt6c/default.jpg
H-Wrcc9N2So,Mindfulness Meditaci√≥n Guiada: Respiraci√≥n y Bodyscan 25 minutos,Meditaci√≥n3,UCmuESTgut4_eKeWtCpV4Ppw,1360000,1037162,20879,571,https://i.ytimg.com/vi/H-Wrcc9N2So/default.jpg
IGw8JuAv9MM,MeditacioÃÅn guiada para conectar con la EnergiÃÅa femenina,Gabriela Litschi,UCJ80RT5ob5mSJT8KRwqGW4g,394000,219574,5891,151,https://i.ytimg.com/vi/IGw8JuAv9MM/default.jpg
S1QXDE7DnYc,Meditaci√≥n Cuarto Chakra,Meditaci√≥n3,UCmuESTgut4_eKeWtCpV4Ppw,1360000,363865,9783,429,https://i.ytimg.com/vi/S1QXDE7DnYc/default.jpg
bQ-_RElqzck,El desapego del conflicto | Meditaci√≥n | Arturveda,Arturveda meditaci√≥n,UC7YohTzpOPHZ5stzu7Xd43A,31700,10433,797,101,https://i.ytimg.com/vi/bQ-_RElqzck/default.jpg
QwhgCvJqkD0,Importancia de la meditaci√≥n/ Pablo G√≥mez psiquiatra,Pablo G√≥mez Psiquiatra,UCdwxjEwpKg26GJv299bxzow,855000,44390,3243,159,https://i.ytimg.com/vi/QwhgCvJqkD0/default.jpg
XcRYEFVV__A,meditacioÃÅn para ninÃÉos,Martha de Llano,UClF9EKCWGg54bIDbK5zxZsw,3210,366548,4113,0,https://i.ytimg.com/vi/XcRYEFVV__A/default.jpg
sG7DBA-mgFY,10-Minute Meditation to Reframe Stress,Headspace,UC3JhfsgFPLSLNEROQCdj-GQ,740000,1987872,21212,371,https://i.ytimg.com/vi/sG7DBA-mgFY/default.jpg
QKgJ83L5e0Y,MeditacioÃÅn y relajacioÃÅn con Petit BamBou,Xuan Lan Yoga,UCKQgiVPqEPU0tImAjFG5lNA,2020000,192944,4736,94,https://i.ytimg.com/vi/QKgJ83L5e0Y/default.jpg
V68MV5W1wxE,Ana Becoaj - Meditaci√≥n Kabalista 5780,Ahavah Ben Shabat,UCxIXrqn8umEyLW7vPVhmpRA,76900,84385,0,0,https://i.ytimg.com/vi/V68MV5W1wxE/default.jpg
sdDJLkjJfks,Meditaci√≥n Guiada 10 Minutos SUPER-EFECTIVA!!,Meditaci√≥n3,UCmuESTgut4_eKeWtCpV4Ppw,1360000,812211,15984,457,https://i.ytimg.com/vi/sdDJLkjJfks/default.jpg
ay8B9hOt8_o,Ejercicio de Meditaci√≥n para Manejar la Ansiedad - Maytte,Maytte Sepulveda,UCjd1IqMxEJVhI0yfEVvXumQ,102000,39691,1351,77,https://i.ytimg.com/vi/ay8B9hOt8_o/default.jpg
NNOOOOYUNXM,MEDITACION GUIADA DE 10 MINUTOS | ARMONIZA TU DIA | MEDITACI√ìN DESPERTAR | SER FELIZ HOY | ‚ù§EASY ZEN,Easy Zen,UC2Z5BQhJWVgLX71_frN4oTA,1420000,1736801,36414,656,https://i.ytimg.com/vi/NNOOOOYUNXM/default.jpg
JXtKvwPxHf8,"Meditaci√≥n del Salmo 69, 20 de Marzo del 2020, realizado por la hermana Mar√≠a Luisa Piraquive...",Mar√≠a Luisa Piraquive,UCo1s1oPdvveXEthBFfIpRzA,375000,1192924,0,0,https://i.ytimg.com/vi/JXtKvwPxHf8/default.jpg
kyTQqacjltU,"Meditaci√≥n  ""El lago en calma""",Fundaci√≥n Sophia,UCypSNR2tnGYykTs4-9X9Z-Q,81700,174812,3730,242,https://i.ytimg.com/vi/kyTQqacjltU/default.jpg
K7n8rTXZuqw,Ense√±anza y Meditaci√≥n Guiada - Claudio Naranjo,Fundaci√≥n Claudio Naranjo,UCkscV51li_H7RrOl471SvmA,45800,172585,4436,180,https://i.ytimg.com/vi/K7n8rTXZuqw/default.jpg
ptUqd3XgA0g,MINDFULNESS. MEDITACIOÃÅN DE LA FELICIDAD,Fundaci√≥n Sophia,UCypSNR2tnGYykTs4-9X9Z-Q,81700,317760,6831,188,https://i.ytimg.com/vi/ptUqd3XgA0g/default.jpg
5blG9lRgJy8,Suelta las preocupaciones y recupera la serenidad (meditaci√≥n corta guiada  - recupera tu paz),Simplemente Diosas,UC9FmTrJ4HD_mZWjZQmOfaOg,467000,13103,485,48,https://i.ytimg.com/vi/5blG9lRgJy8/default.jpg
n3tjAMHy2l4,MEDITACI√ìN GUIADA: SANA TU MENTE - SANA TU CUERPO (MUY EFECTIVA),Andr√©s Rada - Psic√≥logo,UCbmUg-z6ko192cIwteFIdmw,71400,1674032,28701,3823,https://i.ytimg.com/vi/n3tjAMHy2l4/default.jpg
AciErpZDLzA,Que no te gobierne el miedo | Meditaci√≥n para transformar el miedo,Ana Mar Orihuela,UCxZME8AJPhXr2puZFavq1Lw,81200,15678,608,28,https://i.ytimg.com/vi/AciErpZDLzA/default.jpg
